hours,project,year,month,date,timestamp,week,learning
1.0,admin,2018,7,9,2018-07-09,1,others
3.0,bizdev,2018,7,9,2018-07-09,1,project-scoping
3.0,admin,2018,7,10,2018-07-10,1,others
2.0,bizdev,2018,7,10,2018-07-10,1,project-scoping
0.5,bizdev,2018,7,10,2018-07-10,1,project-scoping
0.5,learning,2018,7,10,2018-07-10,1,others
1.0,learning,2018,7,10,2018-07-10,1,GCP
3.0,bizdev,2018,7,11,2018-07-11,1,project-scoping
3.0,bizdev,2018,7,11,2018-07-11,1,slide-making
2.5,learning,2018,7,11,2018-07-11,1,GCP
1.5,admin,2018,7,11,2018-07-11,1,others
3.0,bizdev,2018,7,12,2018-07-12,1,project-scoping
8.0,learning,2018,7,12,2018-07-12,1,data-viz
6.0,learning,2018,7,13,2018-07-13,1,data-viz
3.0,bizdev,2018,7,13,2018-07-13,1,slide-making
1.0,bizdev,2018,7,15,2018-07-15,1,project-scoping
1.0,learning,2018,7,15,2018-07-15,1,gcp
1.75,geospatial-1,2018,7,16,2018-07-16,2,geospatial
4.25,bizdev,2018,7,16,2018-07-16,2,slide-making
1.5,bizdev,2018,7,16,2018-07-16,2,project-scoping
0.5,admin,2018,7,16,2018-07-16,2,others
0.5,bizdev,2018,7,17,2018-07-17,2,project-scoping
7.0,bizdev,2018,7,17,2018-07-17,2,project-scoping
1.0,learning,2018,7,18,2018-07-18,2,web-dev
2.0,bizdev,2018,7,18,2018-07-18,2,project-scoping
1.0,bizdev,2018,7,18,2018-07-18,2,slide-making
0.5,admin,2018,7,18,2018-07-18,2,others
1.0,geospatial-1,2018,7,18,2018-07-18,2,others
1.0,bizdev,2018,7,18,2018-07-18,2,others
4.5,bizdev,2018,7,18,2018-07-18,2,slide-making
4.0,bizdev,2018,7,19,2018-07-19,2,slide-making
6.0,learning,2018,7,19,2018-07-19,2,web-dev
3.5,bizdev,2018,7,20,2018-07-20,2,client-comms
4.5,learning,2018,7,20,2018-07-20,2,web-dev
3.0,learning,2018,7,23,2018-07-23,3,geospatial
6.0,bizdev,2018,7,23,2018-07-23,3,project-scoping
0.75,admin,2018,7,23,2018-07-23,3,others
1.0,bizdev,2018,7,23,2018-07-23,3,others
1.0,internal,2018,7,23,2018-07-23,3,storytelling
1.0,learning,2018,7,24,2018-07-24,3,geospatial
5.5,geospatial-1,2018,7,24,2018-07-24,3,geospatial
2.0,bizdev,2018,7,24,2018-07-24,3,project-scoping
2.0,learning,2018,7,25,2018-07-25,3,geospatial
1.0,learning,2018,7,25,2018-07-25,3,data-engg
0.5,admin,2018,7,25,2018-07-25,3,others
1.5,admin,2018,7,25,2018-07-25,3,others
5.0,bizdev,2018,7,25,2018-07-25,3,slide-making
2.0,learning,2018,7,26,2018-07-26,3,web-dev
5.5,bizdev,2018,7,26,2018-07-26,3,slide-making
1.5,admin,2018,7,26,2018-07-26,3,others
0.5,internal,2018,7,26,2018-07-26,3,geospatial
1.5,learning,2018,7,27,2018-07-27,3,geospatial
1.0,internal,2018,7,27,2018-07-27,3,others
2.0,learning,2018,7,27,2018-07-27,3,web-dev
1.75,geospatial-1,2018,7,27,2018-07-27,3,geospatial
3.0,internal,2018,7,27,2018-07-27,3,geospatial
3.0,internal,2018,7,29,2018-07-29,3,geospatial
2.5,bizdev,2018,7,30,2018-07-30,4,others
5.0,internal,2018,7,30,2018-07-30,4,geospatial
1.0,bizdev,2018,7,30,2018-07-30,4,others
0.5,admin,2018,7,30,2018-07-30,4,others
2.5,internal,2018,7,31,2018-07-31,4,storytelling
3.0,bizdev,2018,7,31,2018-07-31,4,slide-making
2.5,geospatial-1,2018,7,31,2018-07-31,4,geospatial
5.0,bizdev,2018,8,1,2018-08-01,4,slide-making
3.0,internal,2018,8,1,2018-08-01,4,storytelling
1.0,admin,2018,8,1,2018-08-01,4,others
1.5,learning,2018,8,1,2018-08-01,4,others
1.0,bizdev,2018,8,2,2018-08-02,4,slide-making
3.75,internal,2018,8,2,2018-08-02,4,storytelling
5.0,bizdev,2018,8,2,2018-08-02,4,client-comms
2.85,bizdev,2018,8,3,2018-08-03,4,client-comms
1.75,internal,2018,8,3,2018-08-03,4,storytelling
8.0,project-1,2018,8,3,2018-08-03,4,project-mgt
0.5,geospatial-1,2018,8,6,2018-08-06,5,geospatial
3.43,internal,2018,8,6,2018-08-06,5,storytelling
3.47,bizdev,2018,8,6,2018-08-06,5,project-scoping
1.12,bizdev,2018,8,6,2018-08-06,5,project-scoping
0.68,bizdev,2018,8,6,2018-08-06,5,others
0.32,admin,2018,8,6,2018-08-06,5,others
0.47,admin,2018,8,6,2018-08-06,5,others
1.97,bizdev,2018,8,6,2018-08-06,5,storytelling
0.55,internal,2018,8,7,2018-08-07,5,storytelling
0.9,bizdev,2018,8,7,2018-08-07,5,slide-making
0.9,learning,2018,8,7,2018-08-07,5,git
1.42,bizdev,2018,8,7,2018-08-07,5,storytelling
5.54,bizdev,2018,8,7,2018-08-07,5,slide-making
0.5,bizdev,2018,8,7,2018-08-07,5,project-scoping
0.7,project-1,2018,8,7,2018-08-07,5,project-mgt
0.87,bizdev,2018,8,8,2018-08-08,5,slide-making
2.13,learning,2018,8,8,2018-08-08,5,geospatial
0.5,internal,2018,8,8,2018-08-08,5,web-dev
1.85,bizdev,2018,8,8,2018-08-08,5,project-scoping
4.0,internal,2018,8,8,2018-08-08,5,storytelling
1.27,bizdev,2018,8,8,2018-08-08,5,slide-making
3.5,internal,2018,8,9,2018-08-09,5,web-dev
1.0,learning,2018,8,9,2018-08-09,5,web-dev
4.5,project-1,2018,8,9,2018-08-09,5,project-mgt
4.5,project-1,2018,8,10,2018-08-10,5,slide-making
0.5,bizdev,2018,8,10,2018-08-10,5,project-scoping
1.0,internal,2018,8,10,2018-08-10,5,web-dev
1.67,project-1,2018,8,10,2018-08-10,5,project-mgt
1.0,internal,2018,8,13,2018-08-13,6,web-dev
2.0,bizdev,2018,8,13,2018-08-13,6,project-scoping
1.0,project-1,2018,8,13,2018-08-13,6,slide-making
1.0,bizdev,2018,8,13,2018-08-13,6,project-scoping
0.5,internal,2018,8,13,2018-08-13,6,storytelling
2.08,bizdev,2018,8,13,2018-08-13,6,project-scoping
2.0,bizdev,2018,8,13,2018-08-13,6,client-comms
0.38,project-1,2018,8,13,2018-08-13,6,project-mgt
0.33,internal,2018,8,13,2018-08-13,6,storytelling
0.33,internal,2018,8,13,2018-08-13,6,geospatial
0.5,admin,2018,8,13,2018-08-13,6,others
1.0,bizdev,2018,8,15,2018-08-15,6,project-scoping
1.5,bizdev,2018,8,15,2018-08-15,6,project-scoping
1.25,bizdev,2018,8,15,2018-08-15,6,project-scoping
1.0,internal,2018,8,15,2018-08-15,6,others
3.87,bizdev,2018,8,15,2018-08-15,6,project-scoping
0.5,bizdev,2018,8,15,2018-08-15,6,project-scoping
1.5,internal,2018,8,15,2018-08-15,6,web-dev
1.0,project-2,2018,8,15,2018-08-15,6,text-analytics
4.33,internal,2018,8,16,2018-08-16,6,storytelling
0.75,bizdev,2018,8,16,2018-08-16,6,project-scoping
1.25,internal,2018,8,16,2018-08-16,6,storytelling
0.67,internal,2018,8,16,2018-08-16,6,storytelling
1.0,admin,2018,8,16,2018-08-16,6,others
0.5,internal,2018,8,16,2018-08-16,6,storytelling
1.5,internal,2018,8,16,2018-08-16,6,storytelling
1.9,bizdev,2018,8,17,2018-08-17,6,project-scoping
0.92,bizdev,2018,8,17,2018-08-17,6,project-scoping
0.87,geospatial-1,2018,8,17,2018-08-17,6,geospatial
3.37,bizdev,2018,8,17,2018-08-17,6,project-scoping
0.88,learning,2018,8,17,2018-08-17,6,text-analytics
1.08,project-2,2018,8,20,2018-08-20,7,text-analytics
1.33,bizdev,2018,8,20,2018-08-20,7,project-scoping
1.0,project-2,2018,8,20,2018-08-20,7,text-analytics
0.97,bizdev,2018,8,20,2018-08-20,7,project-scoping
0.32,bizdev,2018,8,20,2018-08-20,7,others
0.73,bizdev,2018,8,20,2018-08-20,7,others
0.15,admin,2018,8,20,2018-08-20,7,security
3.68,project-2,2018,8,20,2018-08-20,7,text-analytics
1.0,admin,2018,8,20,2018-08-20,7,others
1.5,bizdev,2018,8,21,2018-08-21,7,slide-making
1.13,project-2,2018,8,22,2018-08-22,7,text-analytics
1.0,internal,2018,8,22,2018-08-22,7,storytelling
1.83,admin,2018,8,22,2018-08-22,7,others
0.65,project-1,2018,8,22,2018-08-22,7,project-mgt
2.65,bizdev,2018,8,22,2018-08-22,7,client-comms
1.55,project-2,2018,8,22,2018-08-22,7,text-analytics
1.0,project-2,2018,8,22,2018-08-22,7,text-analytics
0.45,project-2,2018,8,23,2018-08-23,7,text-analytics
0.38,project-1,2018,8,23,2018-08-23,7,slide-making
0.67,project-3,2018,8,23,2018-08-23,7,project-mgt
1.37,project-1,2018,8,23,2018-08-23,7,slide-making
0.63,bizdev,2018,8,23,2018-08-23,7,storytelling
3.03,learning,2018,8,23,2018-08-23,7,web-dev
3.7,bizdev,2018,8,23,2018-08-23,7,project-scoping
2.67,bizdev,2018,8,24,2018-08-24,7,slide-making
0.55,bizdev,2018,8,24,2018-08-24,7,project-scoping
2.4,bizdev,2018,8,24,2018-08-24,7,slide-making
2.25,bizdev,2018,8,24,2018-08-24,7,slide-making
1.78,bizdev,2018,8,24,2018-08-24,7,slide-making
2.3,bizdev,2018,8,24,2018-08-24,7,web-dev
2.0,bizdev,2018,8,26,2018-08-26,7,web-dev
2.0,bizdev,2018,8,26,2018-08-26,7,storytelling
0.5,project-1,2018,8,26,2018-08-26,7,project-mgt
6.0,bizdev,2018,8,27,2018-08-27,8,slide-making
2.0,bizdev,2018,8,27,2018-08-27,8,web-dev
1.0,project-1,2018,8,27,2018-08-27,8,slide-making
0.5,bizdev,2018,8,28,2018-08-28,8,storytelling
2.0,internal,2018,8,28,2018-08-28,8,storytelling
1.0,project-3,2018,8,28,2018-08-28,8,project-mgt
4.5,bizdev,2018,8,28,2018-08-28,8,slide-making
1.5,transit,2018,8,28,2018-08-28,8,others
0.5,admin,2018,8,28,2018-08-28,8,others
0.33,internal,2018,8,29,2018-08-29,8,storytelling
4.0,bizdev,2018,8,29,2018-08-29,8,slide-making
0.35,internal,2018,8,29,2018-08-29,8,storytelling
1.0,project-3,2018,8,29,2018-08-29,8,project-mgt
1.85,learning,2018,8,29,2018-08-29,8,geospatial
0.82,internal,2018,8,29,2018-08-29,8,storytelling
0.92,internal,2018,8,29,2018-08-29,8,storytelling
1.45,bizdev,2018,8,29,2018-08-29,8,project-scoping
0.48,admin,2018,8,29,2018-08-29,8,others
1.5,transit,2018,8,30,2018-08-30,8,others
1.0,bizdev,2018,8,30,2018-08-30,8,client-comms
2.0,bizdev,2018,8,30,2018-08-30,8,slide-making
4.0,internal,2018,8,30,2018-08-30,8,storytelling
6.0,bizdev,2018,8,31,2018-08-31,8,project-scoping
0.2,project-4,2018,8,31,2018-08-31,8,project-mgt
1.5,internal,2018,8,31,2018-08-31,8,storytelling
5.0,project-4,2018,9,3,2018-09-03,9,project-mgt
1.5,transit,2018,9,3,2018-09-03,9,others
1.0,admin,2018,9,3,2018-09-03,9,others
0.5,bizdev,2018,9,3,2018-09-03,9,others
4.0,bizdev,2018,9,3,2018-09-03,9,project-scoping
2.0,internal,2018,9,4,2018-09-04,9,storytelling
0.82,project-2,2018,9,4,2018-09-04,9,text-analytics
0.33,project-4,2018,9,4,2018-09-04,9,project-mgt
2.0,project-4,2018,9,4,2018-09-04,9,web-dev
0.67,internal,2018,9,4,2018-09-04,9,storytelling
1.28,admin,2018,9,4,2018-09-04,9,others
0.82,bizdev,2018,9,4,2018-09-04,9,project-scoping
1.4,bizdev,2018,9,4,2018-09-04,9,project-scoping
0.77,project-5,2018,9,4,2018-09-04,9,project-mgt
1.15,admin,2018,9,4,2018-09-04,9,others
1.85,project-5,2018,9,4,2018-09-04,9,project-mgt
2.0,project-3,2018,9,5,2018-09-05,9,project-mgt
3.0,bizdev,2018,9,5,2018-09-05,9,slide-making
3.0,project-4,2018,9,5,2018-09-05,9,project-mgt
1.0,internal,2018,9,5,2018-09-05,9,storytelling
2.9,bizdev,2018,9,6,2018-09-06,9,web-dev
1.55,project-5,2018,9,6,2018-09-06,9,project-mgt
2.0,learning,2018,9,6,2018-09-06,9,git
0.5,project-2,2018,9,6,2018-09-06,9,text-analytics
1.0,admin,2018,9,6,2018-09-06,9,others
0.75,bizdev,2018,9,6,2018-09-06,9,storytelling
0.93,project-5,2018,9,7,2018-09-07,9,slide-making
0.48,geospatial-2,2018,9,7,2018-09-07,9,others
1.38,project-5,2018,9,7,2018-09-07,9,project-mgt
1.0,bizdev,2018,9,7,2018-09-07,9,slide-making
2.22,project-5,2018,9,7,2018-09-07,9,project-mgt
1.28,project-4,2018,9,7,2018-09-07,9,project-mgt
1.08,bizdev,2018,9,7,2018-09-07,9,storytelling
0.8,bizdev,2018,9,7,2018-09-07,9,project-scoping
1.83,bizdev,2018,9,10,2018-09-10,10,slide-making
1.5,project-5,2018,9,10,2018-09-10,10,project-mgt
0.68,bizdev,2018,9,10,2018-09-10,10,project-scoping
0.32,admin,2018,9,10,2018-09-10,10,others
0.45,admin,2018,9,10,2018-09-10,10,others
1.68,bizdev,2018,9,10,2018-09-10,10,slide-making
2.33,bizdev,2018,9,10,2018-09-10,10,slide-making
0.38,project-4,2018,9,10,2018-09-10,10,data-exploration
0.17,project-4,2018,9,10,2018-09-10,10,project-mgt
1.0,bizdev,2018,9,11,2018-09-11,10,slide-making
1.22,bizdev,2018,9,11,2018-09-11,10,slide-making
2.0,bizdev,2018,9,11,2018-09-11,10,client-comms
1.0,transit,2018,9,11,2018-09-11,10,others
1.77,bizdev,2018,9,11,2018-09-11,10,slide-making
0.65,project-4,2018,9,11,2018-09-11,10,project-mgt
2.48,bizdev,2018,9,11,2018-09-11,10,slide-making
1.0,transit,2018,9,11,2018-09-11,10,others
2.5,bizdev,2018,9,12,2018-09-12,10,slide-making
3.98,bizdev,2018,9,12,2018-09-12,10,slide-making
0.52,bizdev,2018,9,12,2018-09-12,10,project-mgt
1.25,project-4,2018,9,12,2018-09-12,10,slide-making
0.78,bizdev,2018,9,12,2018-09-12,10,slide-making
1.12,bizdev,2018,9,12,2018-09-12,10,slide-making
0.98,project-5,2018,9,12,2018-09-12,10,scraping
3.0,bizdev,2018,9,13,2018-09-13,10,slide-making
5.0,bizdev,2018,9,13,2018-09-13,10,slide-making
1.0,admin,2018,9,13,2018-09-13,10,others
2.0,bizdev,2018,9,14,2018-09-14,10,project-mgt
1.0,project-5,2018,9,14,2018-09-14,10,scraping
4.5,bizdev,2018,9,14,2018-09-14,10,slide-making
0.5,internal,2018,9,14,2018-09-14,10,storytelling
1.0,project-6,2018,9,14,2018-09-14,10,project-scoping
1.0,bizdev,2018,9,17,2018-09-17,11,project-scoping
0.23,project-5,2018,9,17,2018-09-17,11,scraping
0.5,project-6,2018,9,17,2018-09-17,11,project-scoping
0.75,admin,2018,9,17,2018-09-17,11,others
0.67,bizdev,2018,9,17,2018-09-17,11,others
1.0,transit,2018,9,17,2018-09-17,11,others
3.5,bizdev,2018,9,17,2018-09-17,11,slide-making
0.25,project-5,2018,9,17,2018-09-17,11,project-mgt
0.25,project-4,2018,9,17,2018-09-17,11,project-mgt
0.33,project-1,2018,9,17,2018-09-17,11,project-mgt
1.0,project-4,2018,9,17,2018-09-17,11,project-mgt
0.3,internal,2018,9,18,2018-09-18,11,storytelling
0.3,learning,2018,9,18,2018-09-18,11,data-viz
1.0,project-1,2018,9,18,2018-09-18,11,project-mgt
1.0,project-6,2018,9,18,2018-09-18,11,data-exploration
6.0,bizdev,2018,9,18,2018-09-18,11,project-scoping
1.0,project-4,2018,9,18,2018-09-18,11,geospatial
0.5,project-1,2018,9,19,2018-09-19,11,slide-making
2.5,project-1,2018,9,19,2018-09-19,11,slide-making
1.0,project-4,2018,9,19,2018-09-19,11,web-dev
0.8,bizdev,2018,9,19,2018-09-19,11,project-scoping
0.88,project-1,2018,9,19,2018-09-19,11,slide-making
4.02,project-1,2018,9,19,2018-09-19,11,slide-making
0.18,geospatial-2,2018,9,19,2018-09-19,11,others
8.0,project-1,2018,9,20,2018-09-20,11,slide-making
1.0,admin,2018,9,20,2018-09-20,11,others
4.0,project-1,2018,9,21,2018-09-21,11,slide-making
1.5,transit,2018,9,21,2018-09-21,11,others
2.0,project-1,2018,9,21,2018-09-21,11,project-mgt
2.0,internal,2018,9,21,2018-09-21,11,storytelling
1.0,bizdev,2018,9,24,2018-09-24,12,project-scoping
0.5,project-4,2018,9,24,2018-09-24,12,web-dev
1.0,internal,2018,9,24,2018-09-24,12,storytelling
1.0,project-5,2018,9,24,2018-09-24,12,project-mgt
1.0,admin,2018,9,24,2018-09-24,12,others
1.0,project-7,2018,9,24,2018-09-24,12,data-exploration
1.0,admin,2018,9,24,2018-09-24,12,others
1.5,internal,2018,9,24,2018-09-24,12,storytelling
1.0,admin,2018,9,24,2018-09-24,12,others
0.73,internal,2018,9,25,2018-09-25,12,project-mgt
1.22,project-4,2018,9,25,2018-09-25,12,project-mgt
0.58,project-5,2018,9,25,2018-09-25,12,project-mgt
2.32,project-4,2018,9,25,2018-09-25,12,project-mgt
1.25,bizdev,2018,9,25,2018-09-25,12,project-scoping
0.43,project-7,2018,9,25,2018-09-25,12,project-scoping
1.1,internal,2018,9,25,2018-09-25,12,storytelling
0.28,bizdev,2018,9,25,2018-09-25,12,others
0.33,internal,2018,9,25,2018-09-25,12,storytelling
0.85,bizdev,2018,9,25,2018-09-25,12,project-scoping
1.43,internal,2018,9,25,2018-09-25,12,storytelling
1.03,project-7,2018,9,26,2018-09-26,12,data-exploration
0.33,geospatial-2,2018,9,26,2018-09-26,12,product-strategy
1.17,bizdev,2018,9,26,2018-09-26,12,project-scoping
0.38,internal,2018,9,26,2018-09-26,12,others
2.13,project-4,2018,9,26,2018-09-26,12,project-mgt
5.15,project-4,2018,9,26,2018-09-26,12,project-mgt
0.75,internal,2018,9,26,2018-09-26,12,storytelling
0.33,project-4,2018,9,26,2018-09-26,12,project-mgt
1.07,internal,2018,9,26,2018-09-26,12,project-mgt
0.4,project-5,2018,9,26,2018-09-26,12,scraping
0.87,project-5,2018,9,26,2018-09-26,12,scraping
0.57,project-5,2018,9,27,2018-09-27,12,project-mgt
3.18,bizdev,2018,9,27,2018-09-27,12,project-scoping
0.62,internal,2018,9,27,2018-09-27,12,storytelling
1.48,bizdev,2018,9,27,2018-09-27,12,project-scoping
0.25,bizdev,2018,9,27,2018-09-27,12,project-scoping
0.23,admin,2018,9,27,2018-09-27,12,others
3.0,project-4,2018,9,27,2018-09-27,12,data-exploration
0.3,bizdev,2018,9,27,2018-09-27,12,client-comms
5.5,bizdev,2018,9,28,2018-09-28,12,client-comms
3.5,project-4,2018,9,28,2018-09-28,12,data-exploration
1.5,geospatial-2,2018,9,28,2018-09-28,12,product-strategy
2.0,transit,2018,10,1,2018-10-01,13,others
3.0,project-4,2018,10,1,2018-10-01,13,project-mgt
1.0,admin,2018,10,1,2018-10-01,13,others
0.5,project-5,2018,10,1,2018-10-01,13,project-mgt
0.5,bizdev,2018,10,1,2018-10-01,13,project-scoping
0.5,geospatial-2,2018,10,1,2018-10-01,13,product-strategy
2.5,project-4,2018,10,1,2018-10-01,13,web-dev
1.0,project-4,2018,10,2,2018-10-02,13,web-dev
2.0,project-4,2018,10,2,2018-10-02,13,web-dev
1.02,project-8,2018,10,2,2018-10-02,13,project-mgt
2.61,learning,2018,10,2,2018-10-02,13,web-dev
1.25,internal,2018,10,2,2018-10-02,13,storytelling
1.17,bizdev,2018,10,2,2018-10-02,13,others
0.62,internal,2018,10,2,2018-10-02,13,geospatial
1.42,internal,2018,10,2,2018-10-02,13,geospatial
1.32,bizdev,2018,10,2,2018-10-02,13,project-scoping
0.47,internal,2018,10,2,2018-10-02,13,project-mgt
3.0,learning,2018,10,3,2018-10-03,13,web-dev
6.0,bizdev,2018,10,3,2018-10-03,13,project-scoping
1.0,admin,2018,10,3,2018-10-03,13,others
1.0,project-5,2018,10,3,2018-10-03,13,project-mgt
1.5,bizdev,2018,10,4,2018-10-04,13,client-comms
1.0,transit,2018,10,4,2018-10-04,13,others
0.75,project-4,2018,10,4,2018-10-04,13,project-mgt
1.98,project-9,2018,10,4,2018-10-04,13,geospatial
1.52,bizdev,2018,10,4,2018-10-04,13,project-scoping
1.0,bizdev,2018,10,4,2018-10-04,13,slide-making
0.27,bizdev,2018,10,4,2018-10-04,13,slide-making
3.6,project-4,2018,10,5,2018-10-05,13,web-dev
2.5,bizdev,2018,10,5,2018-10-05,13,project-scoping
1.0,admin,2018,10,5,2018-10-05,13,others
2.0,bizdev,2018,10,5,2018-10-05,13,project-scoping
1.0,admin,2018,10,8,2018-10-08,14,others
4.42,bizdev,2018,10,8,2018-10-08,14,project-scoping
0.5,bizdev,2018,10,8,2018-10-08,14,others
0.67,project-9,2018,10,8,2018-10-08,14,data-exploration
1.5,bizdev,2018,10,8,2018-10-08,14,project-scoping
1.15,bizdev,2018,10,8,2018-10-08,14,project-scoping
0.67,learning,2018,10,8,2018-10-08,14,data-engg
0.72,admin,2018,10,9,2018-10-09,14,others
0.42,bizdev,2018,10,9,2018-10-09,14,project-scoping
1.42,project-8,2018,10,9,2018-10-09,14,project-mgt
3.83,bizdev,2018,10,9,2018-10-09,14,project-scoping
2.25,bizdev,2018,10,9,2018-10-09,14,project-scoping
0.78,learning,2018,10,9,2018-10-09,14,data-engg
1.13,bizdev,2018,10,9,2018-10-09,14,project-scoping
1.28,learning,2018,10,10,2018-10-10,14,data-engg
3.42,project-9,2018,10,10,2018-10-10,14,data-exploration
0.42,internal,2018,10,10,2018-10-10,14,project-mgt
1.63,project-6,2018,10,10,2018-10-10,14,project-mgt
0.48,bizdev,2018,10,10,2018-10-10,14,project-scoping
2.7,project-9,2018,10,10,2018-10-10,14,data-exploration
2.0,project-8,2018,10,11,2018-10-11,14,project-scoping
2.82,project-9,2018,10,11,2018-10-11,14,data-exploration
0.5,admin,2018,10,11,2018-10-11,14,others
1.5,project-9,2018,10,11,2018-10-11,14,machine-learning
1.5,project-9,2018,10,11,2018-10-11,14,machine-learning
2.22,bizdev,2018,10,11,2018-10-11,14,project-scoping
1.2,learning,2018,10,11,2018-10-11,14,data-engg
1.02,project-8,2018,10,12,2018-10-12,14,data-exploration
0.5,admin,2018,10,12,2018-10-12,14,storytelling
0.5,project-4,2018,10,12,2018-10-12,14,project-mgt
2.0,admin,2018,10,12,2018-10-12,14,others
1.78,project-9,2018,10,12,2018-10-12,14,machine-learning
0.23,project-9,2018,10,12,2018-10-12,14,machine-learning
0.17,admin,2018,10,12,2018-10-12,14,others
0.72,project-8,2018,10,12,2018-10-12,14,project-mgt
0.92,project-9,2018,10,12,2018-10-12,14,machine-learning
0.7,bizdev,2018,10,12,2018-10-12,14,project-scoping
1.3,project-9,2018,10,12,2018-10-12,14,machine-learning
0.3,bizdev,2018,10,12,2018-10-12,14,project-scoping
1.0,project-8,2018,10,15,2018-10-15,15,project-mgt
1.63,project-8,2018,10,15,2018-10-15,15,project-mgt
0.37,project-8,2018,10,15,2018-10-15,15,project-mgt
0.5,project-4,2018,10,15,2018-10-15,15,project-mgt
0.5,project-8,2018,10,15,2018-10-15,15,project-mgt
0.5,project-5,2018,10,15,2018-10-15,15,project-mgt
0.5,admin,2018,10,15,2018-10-15,15,others
0.78,project-9,2018,10,15,2018-10-15,15,geospatial
0.5,project-4,2018,10,15,2018-10-15,15,project-mgt
2.03,admin,2018,10,15,2018-10-15,15,others
0.37,project-9,2018,10,15,2018-10-15,15,project-mgt
0.32,project-4,2018,10,15,2018-10-15,15,project-mgt
2.08,project-9,2018,10,16,2018-10-16,15,machine-learning
1.0,project-9,2018,10,16,2018-10-16,15,project-mgt
1.5,learning,2018,10,16,2018-10-16,15,geospatial
1.0,bizdev,2018,10,16,2018-10-16,15,others
1.28,project-9,2018,10,16,2018-10-16,15,data-exploration
0.5,project-9,2018,10,16,2018-10-16,15,project-mgt
1.72,learning,2018,10,16,2018-10-16,15,geospatial
0.75,learning,2018,10,16,2018-10-16,15,geospatial
0.5,project-9,2018,10,17,2018-10-17,15,project-mgt
1.5,project-4,2018,10,17,2018-10-17,15,data-exploration
1.0,bizdev,2018,10,17,2018-10-17,15,client-comms
1.97,project-4,2018,10,17,2018-10-17,15,data-exploration
1.5,project-8,2018,10,17,2018-10-17,15,project-mgt
1.55,bizdev,2018,10,17,2018-10-17,15,project-scoping
0.45,project-9,2018,10,17,2018-10-17,15,project-mgt
3.13,learning,2018,10,17,2018-10-17,15,geospatial
0.37,project-9,2018,10,17,2018-10-17,15,project-mgt
0.25,bizdev,2018,10,17,2018-10-17,15,project-scoping
1.17,project-9,2018,10,18,2018-10-18,15,machine-learning
1.0,admin,2018,10,18,2018-10-18,15,others
0.5,admin,2018,10,18,2018-10-18,15,others
0.5,project-4,2018,10,18,2018-10-18,15,data-exploration
0.5,project-9,2018,10,18,2018-10-18,15,machine-learning
0.9,bizdev,2018,10,18,2018-10-18,15,others
1.33,bizdev,2018,10,18,2018-10-18,15,machine-learning
2.17,project-4,2018,10,18,2018-10-18,15,data-exploration
1.45,learning,2018,10,18,2018-10-18,15,big-query
1.38,learning,2018,10,19,2018-10-19,15,geospatial
0.48,project-9,2018,10,19,2018-10-19,15,project-mgt
1.0,project-8,2018,10,19,2018-10-19,15,others
1.0,bizdev,2018,10,19,2018-10-19,15,storytelling
0.5,learning,2018,10,19,2018-10-19,15,geospatial
0.5,learning,2018,10,19,2018-10-19,15,git
1.0,bizdev,2018,10,19,2018-10-19,15,data-exploration
2.8,learning,2018,10,19,2018-10-19,15,geospatial
0.5,bizdev,2018,10,22,2018-10-22,16,others
1.25,bizdev,2018,10,22,2018-10-22,16,machine-learning
0.5,project-4,2018,10,22,2018-10-22,16,project-mgt
1.0,project-9,2018,10,22,2018-10-22,16,project-mgt
1.42,bizdev,2018,10,22,2018-10-22,16,machine-learning
0.58,admin,2018,10,22,2018-10-22,16,others
1.95,bizdev,2018,10,22,2018-10-22,16,machine-learning
0.55,project-9,2018,10,22,2018-10-22,16,project-mgt
0.72,bizdev,2018,10,22,2018-10-22,16,machine-learning
2.15,project-4,2018,10,22,2018-10-22,16,project-mgt
1.0,project-9,2018,10,23,2018-10-23,16,project-mgt
3.0,bizdev,2018,10,23,2018-10-23,16,machine-learning
1.0,project-4,2018,10,23,2018-10-23,16,project-mgt
2.0,bizdev,2018,10,23,2018-10-23,16,machine-learning
0.5,bizdev,2018,10,23,2018-10-23,16,others
0.5,bizdev,2018,10,23,2018-10-23,16,machine-learning
1.5,project-8,2018,10,23,2018-10-23,16,project-mgt
0.5,bizdev,2018,10,23,2018-10-23,16,machine-learning
0.5,project-9,2018,10,23,2018-10-23,16,project-mgt
2.55,bizdev,2018,10,23,2018-10-23,16,machine-learning
1.5,project-9,2018,10,24,2018-10-24,16,project-mgt
1.5,project-9,2018,10,24,2018-10-24,16,project-mgt
2.0,geospatial-2,2018,10,24,2018-10-24,16,product-strategy
0.5,bizdev,2018,10,24,2018-10-24,16,others
1.0,project-9,2018,10,24,2018-10-24,16,project-mgt
2.0,project-4,2018,10,24,2018-10-24,16,project-mgt
1.25,transit,2018,10,24,2018-10-24,16,others
0.75,project-4,2018,10,24,2018-10-24,16,project-mgt
1.5,bizdev,2018,10,24,2018-10-24,16,machine-learning
1.5,transit,2018,10,24,2018-10-24,16,others
2.0,project-4,2018,10,25,2018-10-25,16,geospatial
1.0,bizdev,2018,10,25,2018-10-25,16,project-scoping
0.5,internal,2018,10,25,2018-10-25,16,storytelling
1.0,admin,2018,10,25,2018-10-25,16,others
1.0,bizdev,2018,10,25,2018-10-25,16,machine-learning
0.5,project-9,2018,10,25,2018-10-25,16,project-mgt
1.5,project-9,2018,10,25,2018-10-25,16,project-mgt
0.5,project-9,2018,10,25,2018-10-25,16,project-mgt
0.5,admin,2018,10,25,2018-10-25,16,others
0.97,bizdev,2018,10,25,2018-10-25,16,machine-learning
1.0,learning,2018,10,25,2018-10-25,16,scraping
0.5,admin,2018,10,26,2018-10-26,16,others
1.0,project-9,2018,10,26,2018-10-26,16,project-mgt
2.0,bizdev,2018,10,26,2018-10-26,16,project-scoping
2.0,internal,2018,10,26,2018-10-26,16,storytelling
3.0,project-8,2018,10,26,2018-10-26,16,project-mgt
0.5,bizdev,2018,10,29,2018-10-29,17,machine-learning
1.0,project-8,2018,10,29,2018-10-29,17,project-mgt
1.0,project-8,2018,10,29,2018-10-29,17,project-mgt
0.5,project-8,2018,10,29,2018-10-29,17,project-mgt
0.5,internal,2018,10,29,2018-10-29,17,project-mgt
0.5,admin,2018,10,29,2018-10-29,17,others
0.33,project-4,2018,10,29,2018-10-29,17,project-mgt
1.83,bizdev,2018,10,29,2018-10-29,17,machine-learning
0.5,internal,2018,10,29,2018-10-29,17,storytelling
0.17,bizdev,2018,10,29,2018-10-29,17,machine-learning
0.28,bizdev,2018,10,29,2018-10-29,17,machine-learning
0.85,internal,2018,10,29,2018-10-29,17,project-mgt
0.85,bizdev,2018,10,29,2018-10-29,17,others
3.0,project-8,2018,10,30,2018-10-30,17,project-mgt
2.0,project-8,2018,10,30,2018-10-30,17,project-mgt
0.75,internal,2018,10,30,2018-10-30,17,machine-learning
1.0,admin,2018,10,30,2018-10-30,17,others
3.0,project-8,2018,10,30,2018-10-30,17,project-mgt
1.0,learning,2018,10,31,2018-10-31,17,others
0.5,internal,2018,10,31,2018-10-31,17,storytelling
1.0,project-4,2018,10,31,2018-10-31,17,project-mgt
0.5,project-8,2018,10,31,2018-10-31,17,project-mgt
0.5,project-5,2018,10,31,2018-10-31,17,project-mgt
0.5,transit,2018,10,31,2018-10-31,17,others
3.17,bizdev,2018,10,31,2018-10-31,17,client-comms
0.5,transit,2018,10,31,2018-10-31,17,others
1.55,internal,2018,10,31,2018-10-31,17,storytelling
0.33,bizdev,2018,10,31,2018-10-31,17,others
3.65,bizdev,2018,11,1,2018-11-01,17,slide-making
1.0,project-4,2018,11,1,2018-11-01,17,project-mgt
0.67,bizdev,2018,11,1,2018-11-01,17,project-scoping
3.93,internal,2018,11,1,2018-11-01,17,storytelling
1.5,internal,2018,11,5,2018-11-05,18,storytelling
1.0,project-3,2018,11,5,2018-11-05,18,project-mgt
0.5,project-4,2018,11,5,2018-11-05,18,project-mgt
0.5,project-5,2018,11,5,2018-11-05,18,project-mgt
1.0,admin,2018,11,5,2018-11-05,18,others
0.88,internal,2018,11,5,2018-11-05,18,gcp
0.5,project-8,2018,11,5,2018-11-05,18,project-mgt
0.88,bizdev,2018,11,5,2018-11-05,18,others
1.42,learning,2018,11,5,2018-11-05,18,gcp
1.0,bizdev,2018,11,5,2018-11-05,18,others
0.33,bizdev,2018,11,6,2018-11-06,18,machine-learning
1.07,project-8,2018,11,6,2018-11-06,18,project-mgt
0.73,project-8,2018,11,6,2018-11-06,18,project-mgt
0.62,project-8,2018,11,6,2018-11-06,18,geospatial
1.43,project-8,2018,11,6,2018-11-06,18,project-mgt
1.0,project-8,2018,11,6,2018-11-06,18,geospatial
1.68,project-8,2018,11,6,2018-11-06,18,project-mgt
0.87,admin,2018,11,6,2018-11-06,18,others
0.83,project-8,2018,11,6,2018-11-06,18,project-mgt
0.38,internal,2018,11,6,2018-11-06,18,storytelling
0.72,project-8,2018,11,7,2018-11-07,18,project-mgt
0.5,internal,2018,11,7,2018-11-07,18,storytelling
1.0,project-3,2018,11,7,2018-11-07,18,data-exploration
0.5,project-4,2018,11,7,2018-11-07,18,project-mgt
3.22,project-8,2018,11,7,2018-11-07,18,project-mgt
1.0,admin,2018,11,7,2018-11-07,18,others
0.27,internal,2018,11,7,2018-11-07,18,storytelling
1.0,internal,2018,11,7,2018-11-07,18,storytelling
1.7,project-8,2018,11,7,2018-11-07,18,project-mgt
1.0,project-8,2018,11,8,2018-11-08,18,project-mgt
2.0,project-3,2018,11,8,2018-11-08,18,project-mgt
1.0,project-4,2018,11,8,2018-11-08,18,project-mgt
1.5,geospatial-1,2018,11,8,2018-11-08,18,product-strategy
1.5,internal,2018,11,8,2018-11-08,18,storytelling
0.5,admin,2018,11,8,2018-11-08,18,others
1.5,bizdev,2018,11,8,2018-11-08,18,project-scoping
8.0,project-3,2018,11,9,2018-11-09,18,project-scoping
1.0,project-8,2018,11,9,2018-11-09,18,project-mgt
1.0,project-8,2018,11,9,2018-11-09,18,project-mgt
1.0,learning,2018,11,12,2018-11-12,19,gcp
2.5,project-8,2018,11,12,2018-11-12,19,project-mgt
1.5,project-5,2018,11,12,2018-11-12,19,project-mgt
1.5,project-4,2018,11,12,2018-11-12,19,project-mgt
1.0,internal,2018,11,12,2018-11-12,19,storytelling
0.5,bizdev,2018,11,12,2018-11-12,19,slide-making
1.0,internal,2018,11,12,2018-11-12,19,others
1.0,bizdev,2018,11,13,2018-11-13,19,others
1.0,project-8,2018,11,13,2018-11-13,19,product-strategy
2.0,project-5,2018,11,13,2018-11-13,19,project-mgt
1.0,project-8,2018,11,13,2018-11-13,19,project-mgt
2.0,project-10,2018,11,13,2018-11-13,19,project-scoping
1.0,internal,2018,11,13,2018-11-13,19,others
1.0,internal,2018,11,13,2018-11-13,19,storytelling
1.0,project-4,2018,11,14,2018-11-14,19,project-mgt
1.5,project-8,2018,11,14,2018-11-14,19,project-mgt
1.0,bizdev,2018,11,14,2018-11-14,19,others
3.0,project-10,2018,11,14,2018-11-14,19,project-scoping
1.0,project-5,2018,11,14,2018-11-14,19,project-mgt
1.0,geospatial-3,2018,11,14,2018-11-14,19,product-strategy
1.0,project-3,2018,11,19,2018-11-19,20,data-exploration
1.0,admin,2018,11,19,2018-11-19,20,others
2.0,project-8,2018,11,19,2018-11-19,20,project-mgt
3.0,bizdev,2018,11,19,2018-11-19,20,big-query
1.0,project-5,2018,11,19,2018-11-19,20,project-mgt
0.5,project-10,2018,11,19,2018-11-19,20,project-scoping
1.0,project-4,2018,11,19,2018-11-19,20,project-mgt
1.0,internal,2018,11,20,2018-11-20,20,storytelling
2.0,bizdev,2018,11,20,2018-11-20,20,others
3.0,project-5,2018,11,20,2018-11-20,20,project-mgt
1.5,transit,2018,11,20,2018-11-20,20,others
2.0,geospatial-3,2018,11,20,2018-11-20,20,product-strategy
1.0,bizdev,2018,11,20,2018-11-20,20,big-query
1.0,project-10,2018,11,20,2018-11-20,20,project-mgt
1.0,project-10,2018,11,21,2018-11-21,20,project-mgt
1.5,learning,2018,11,21,2018-11-21,20,big-query
2.0,project-8,2018,11,21,2018-11-21,20,project-mgt
1.0,bizdev,2018,11,21,2018-11-21,20,big-query
1.0,internal,2018,11,21,2018-11-21,20,storytelling
2.0,project-5,2018,11,21,2018-11-21,20,project-mgt
1.0,project-4,2018,11,21,2018-11-21,20,project-mgt
2.0,bizdev,2018,11,22,2018-11-22,20,project-scoping
4.0,bizdev,2018,11,22,2018-11-22,20,project-scoping
1.0,transit,2018,11,22,2018-11-22,20,others
2.0,project-8,2018,11,22,2018-11-22,20,project-mgt
1.0,project-4,2018,11,23,2018-11-23,20,project-mgt
2.0,project-5,2018,11,23,2018-11-23,20,project-mgt
2.0,bizdev,2018,11,23,2018-11-23,20,project-scoping
1.0,internal,2018,11,23,2018-11-23,20,storytelling
2.0,project-8,2018,11,23,2018-11-23,20,project-mgt
2.5,project-4,2018,11,26,2018-11-26,21,project-mgt
0.5,geospatial-3,2018,11,26,2018-11-26,21,product-strategy
2.0,bizdev,2018,11,26,2018-11-26,21,big-query
2.0,transit,2018,11,26,2018-11-26,21,others
1.0,project-5,2018,11,26,2018-11-26,21,project-mgt
1.0,project-8,2018,11,26,2018-11-26,21,project-mgt
1.75,project-8,2018,11,27,2018-11-27,21,project-mgt
0.43,geospatial-3,2018,11,27,2018-11-27,21,product-strategy
1.02,project-3,2018,11,27,2018-11-27,21,data-exploration
0.53,bizdev,2018,11,27,2018-11-27,21,project-scoping
0.53,project-8,2018,11,27,2018-11-27,21,project-mgt
0.2,project-5,2018,11,27,2018-11-27,21,project-mgt
1.0,bizdev,2018,11,27,2018-11-27,21,big-query
1.5,bizdev,2018,11,27,2018-11-27,21,project-scoping
0.5,project-4,2018,11,27,2018-11-27,21,project-mgt
0.5,project-8,2018,11,27,2018-11-27,21,project-mgt
0.5,project-3,2018,11,27,2018-11-27,21,project-mgt
0.5,bizdev,2018,11,27,2018-11-27,21,others
0.43,project-8,2018,11,28,2018-11-28,21,project-mgt
1.0,internal,2018,11,28,2018-11-28,21,storytelling
1.08,internal,2018,11,28,2018-11-28,21,storytelling
2.38,internal,2018,11,28,2018-11-28,21,storytelling
1.5,bizdev,2018,11,28,2018-11-28,21,project-scoping
0.55,bizdev,2018,11,28,2018-11-28,21,project-scoping
2.27,geospatial-3,2018,11,28,2018-11-28,21,product-strategy
0.38,internal,2018,11,28,2018-11-28,21,storytelling
1.0,internal,2018,11,28,2018-11-28,21,storytelling
0.8,internal,2018,11,29,2018-11-29,21,storytelling
0.17,project-8,2018,11,29,2018-11-29,21,project-mgt
0.5,project-5,2018,11,29,2018-11-29,21,project-mgt
0.33,geospatial-2,2018,11,29,2018-11-29,21,product-strategy
0.32,internal,2018,11,29,2018-11-29,21,storytelling
0.43,project-3,2018,11,29,2018-11-29,21,project-mgt
0.3,internal,2018,11,29,2018-11-29,21,storytelling
0.17,project-8,2018,11,29,2018-11-29,21,project-mgt
0.47,project-3,2018,11,29,2018-11-29,21,slide-making
0.78,admin,2018,11,29,2018-11-29,21,others
0.17,project-3,2018,11,29,2018-11-29,21,slide-making
0.6,internal,2018,11,29,2018-11-29,21,storytelling
0.25,project-3,2018,11,29,2018-11-29,21,slide-making
0.3,internal,2018,11,29,2018-11-29,21,storytelling
0.22,admin,2018,11,29,2018-11-29,21,others
0.63,internal,2018,11,29,2018-11-29,21,project-mgt
1.2,bizdev,2018,11,29,2018-11-29,21,project-scoping
0.7,bizdev,2018,11,29,2018-11-29,21,project-scoping
0.33,internal,2018,11,29,2018-11-29,21,project-mgt
0.37,internal,2018,11,29,2018-11-29,21,project-mgt
1.95,project-4,2018,12,3,2018-12-03,22,project-mgt
1.5,internal,2018,12,3,2018-12-03,22,storytelling
0.5,project-4,2018,12,3,2018-12-03,22,project-mgt
1.5,project-8,2018,12,3,2018-12-03,22,project-mgt
0.33,project-8,2018,12,3,2018-12-03,22,project-mgt
0.78,learning,2018,12,3,2018-12-03,22,gcp
1.0,bizdev,2018,12,3,2018-12-03,22,others
0.5,project-8,2018,12,3,2018-12-03,22,project-mgt
0.5,internal,2018,12,3,2018-12-03,22,storytelling
1.28,bizdev,2018,12,3,2018-12-03,22,project-scoping
0.67,admin,2018,12,3,2018-12-03,22,others
0.6,bizdev,2018,12,4,2018-12-04,22,slide-making
0.27,project-4,2018,12,4,2018-12-04,22,geospatial
0.33,internal,2018,12,4,2018-12-04,22,project-mgt
0.65,project-5,2018,12,4,2018-12-04,22,project-mgt
3.67,bizdev,2018,12,4,2018-12-04,22,slide-making
1.37,bizdev,2018,12,4,2018-12-04,22,project-scoping
0.35,bizdev,2018,12,4,2018-12-04,22,project-scoping
0.63,project-8,2018,12,4,2018-12-04,22,project-mgt
0.9,bizdev,2018,12,4,2018-12-04,22,others
1.45,bizdev,2018,12,5,2018-12-05,22,project-scoping
1.23,bizdev,2018,12,5,2018-12-05,22,client-comms
5.23,bizdev,2018,12,5,2018-12-05,22,project-scoping
0.2,project-8,2018,12,6,2018-12-06,22,project-mgt
0.3,project-10,2018,12,6,2018-12-06,22,project-mgt
1.18,geospatial-3,2018,12,6,2018-12-06,22,product-strategy
0.7,internal,2018,12,6,2018-12-06,22,web-dev
1.65,geospatial-3,2018,12,6,2018-12-06,22,product-strategy
0.58,bizdev,2018,12,6,2018-12-06,22,tableau
2.93,bizdev,2018,12,6,2018-12-06,22,tableau
0.67,admin,2018,12,6,2018-12-06,22,others
0.73,bizdev,2018,12,7,2018-12-07,22,tableau
0.33,bizdev,2018,12,7,2018-12-07,22,tableau
0.67,bizdev,2018,12,7,2018-12-07,22,tableau
0.5,admin,2018,12,7,2018-12-07,22,others
1.5,bizdev,2018,12,7,2018-12-07,22,tableau
0.5,project-5,2018,12,7,2018-12-07,22,project-mgt
5.82,bizdev,2018,12,7,2018-12-07,22,project-scoping
0.7,project-10,2018,12,10,2018-12-10,23,project-mgt
1.35,bizdev,2018,12,10,2018-12-10,23,project-scoping
0.75,bizdev,2018,12,10,2018-12-10,23,project-scoping
2.52,project-3,2018,12,10,2018-12-10,23,data-exploration
2.8,bizdev,2018,12,10,2018-12-10,23,project-scoping
1.0,project-3,2018,12,10,2018-12-10,23,data-exploration
0.12,project-8,2018,12,10,2018-12-10,23,project-mgt
0.22,project-3,2018,12,10,2018-12-10,23,slide-making
0.7,admin,2018,12,10,2018-12-10,23,others
2.0,internal,2018,12,15,2018-12-15,23,storytelling
0.5,admin,2018,12,14,2018-12-14,23,others
6.0,bizdev,2018,12,14,2018-12-14,23,client-comms
6.0,bizdev,2018,12,13,2018-12-13,23,client-comms
2.0,project-10,2018,12,13,2018-12-13,23,project-mgt
6.0,project-10,2018,12,12,2018-12-12,23,data-exploration
1.8,geospatial-3,2018,12,12,2018-12-12,23,product-strategy
3.0,bizdev,2018,12,12,2018-12-12,23,client-comms
6.0,bizdev,2018,12,11,2018-12-11,23,client-comms
4.0,bizdev,2018,12,11,2018-12-11,23,project-scoping
2.0,geospatial-3,2018,12,13,2018-12-13,23,product-strategy
1.0,admin,2018,12,17,2018-12-17,24,others
1.0,project-5,2018,12,17,2018-12-17,24,data-exploration
6.93,project-5,2018,12,17,2018-12-17,24,data-exploration
2.2,project-5,2018,12,17,2018-12-17,24,project-mgt
1.42,project-8,2018,12,17,2018-12-17,24,project-mgt
1.0,project-8,2018,12,18,2018-12-18,24,project-mgt
0.48,project-10,2018,12,18,2018-12-18,24,big-query
0.88,admin,2018,12,18,2018-12-18,24,others
5.5,project-5,2018,12,18,2018-12-18,24,project-mgt
2.17,project-8,2018,12,19,2018-12-19,24,project-mgt
0.4,bizdev,2018,12,19,2018-12-19,24,project-scoping
1.33,geospatial-3,2018,12,19,2018-12-19,24,product-strategy
1.0,admin,2018,12,19,2018-12-19,24,others
1.0,project-10,2018,12,19,2018-12-19,24,project-scoping
1.22,internal,2018,12,19,2018-12-19,24,storytelling
2.27,project-8,2018,12,20,2018-12-20,24,project-mgt
0.5,project-5,2018,12,20,2018-12-20,24,project-mgt
0.5,project-8,2018,12,20,2018-12-20,24,project-mgt
1.03,geospatial-3,2018,12,20,2018-12-20,24,product-strategy
0.23,project-9,2018,12,20,2018-12-20,24,geospatial
0.82,geospatial-3,2018,12,20,2018-12-20,24,product-strategy
0.8,project-9,2018,12,20,2018-12-20,24,storytelling
4.0,learning,2018,12,26,2018-12-26,25,gcp
4.0,bizdev,2018,12,26,2018-12-26,25,data-exploration
8.0,bizdev,2018,12,27,2018-12-27,25,big-query
8.0,bizdev,2018,12,28,2018-12-28,25,tableau
0.5,project-4,2019,1,7,2019-01-07,27,project-mgt
1.0,admin,2019,1,7,2019-01-07,27,others
4.0,bizdev,2019,1,7,2019-01-07,27,project-scoping
1.0,project-5,2019,1,7,2019-01-07,27,project-mgt
0.25,project-8,2019,1,7,2019-01-07,27,project-mgt
0.5,internal,2019,1,7,2019-01-07,27,storytelling
2.0,project-10,2019,1,8,2019-01-08,27,data-exploration
4.0,bizdev,2019,1,8,2019-01-08,27,project-scoping
2.5,admin,2019,1,8,2019-01-08,27,others
1.95,project-10,2019,1,9,2019-01-09,27,data-exploration
4.0,project-10,2019,1,9,2019-01-09,27,data-exploration
1.0,project-5,2019,1,9,2019-01-09,27,project-mgt
1.0,internal,2019,1,9,2019-01-09,27,storytelling
0.3,internal,2019,1,9,2019-01-09,27,storytelling
0.5,admin,2019,1,10,2019-01-10,27,others
4.07,project-10,2019,1,10,2019-01-10,27,data-exploration
0.88,admin,2019,1,10,2019-01-10,27,open-source
1.75,project-10,2019,1,10,2019-01-10,27,data-exploration
0.87,project-10,2019,1,10,2019-01-10,27,data-exploration
0.55,project-8,2019,1,10,2019-01-10,27,project-mgt
0.67,project-10,2019,1,10,2019-01-10,27,data-exploration
0.87,bizdev,2019,1,11,2019-01-11,27,slide-making
1.2,geospatial-3,2019,1,11,2019-01-11,27,product-strategy
0.78,admin,2019,1,11,2019-01-11,27,others
0.7,bizdev,2019,1,11,2019-01-11,27,slide-making
2.0,project-5,2019,1,11,2019-01-11,27,project-mgt
2.5,bizdev,2019,1,11,2019-01-11,27,client-comms
2.0,bizdev,2019,1,14,2019-01-14,28,project-scoping
0.67,admin,2019,1,14,2019-01-14,28,others
1.0,project-5,2019,1,14,2019-01-14,28,project-mgt
0.5,internal,2019,1,14,2019-01-14,28,storytelling
1.0,bizdev,2019,1,14,2019-01-14,28,others
0.38,project-8,2019,1,14,2019-01-14,28,project-mgt
0.62,admin,2019,1,14,2019-01-14,28,others
0.35,bizdev,2019,1,14,2019-01-14,28,project-scoping
1.55,project-8,2019,1,14,2019-01-14,28,project-mgt
0.55,admin,2019,1,14,2019-01-14,28,others
0.33,project-5,2019,1,15,2019-01-15,28,project-mgt
2.53,project-5,2019,1,15,2019-01-15,28,project-mgt
1.5,project-5,2019,1,15,2019-01-15,28,project-mgt
1.0,bizdev,2019,1,15,2019-01-15,28,project-scoping
1.0,project-5,2019,1,15,2019-01-15,28,project-mgt
2.0,bizdev,2019,1,15,2019-01-15,28,project-scoping
2.35,bizdev,2019,1,16,2019-01-16,28,project-scoping
0.5,project-5,2019,1,16,2019-01-16,28,project-mgt
2.0,admin,2019,1,16,2019-01-16,28,others
0.75,internal,2019,1,16,2019-01-16,28,slide-making
2.67,bizdev,2019,1,16,2019-01-16,28,project-scoping
2.75,bizdev,2019,1,16,2019-01-16,28,project-scoping
0.67,admin,2019,1,17,2019-01-17,28,others
4.25,project-10,2019,1,17,2019-01-17,28,data-exploration
1.0,bizdev,2019,1,17,2019-01-17,28,project-scoping
1.8,project-3,2019,1,17,2019-01-17,28,project-mgt
1.13,project-10,2019,1,17,2019-01-17,28,data-exploration
1.05,project-9,2019,1,17,2019-01-17,28,project-mgt
0.45,bizdev,2019,1,17,2019-01-17,28,project-scoping
1.97,project-8,2019,1,17,2019-01-17,28,project-mgt
1.77,bizdev,2019,1,17,2019-01-17,28,project-scoping
3.0,project-10,2019,1,18,2019-01-18,28,slide-making
1.0,bizdev,2019,1,18,2019-01-18,28,project-scoping
3.0,bizdev,2019,1,21,2019-01-21,29,slide-making
0.5,admin,2019,1,21,2019-01-21,29,others
1.88,bizdev,2019,1,21,2019-01-21,29,slide-making
0.67,bizdev,2019,1,21,2019-01-21,29,slide-making
0.83,bizdev,2019,1,21,2019-01-21,29,others
0.93,project-8,2019,1,21,2019-01-21,29,project-mgt
2.12,bizdev,2019,1,23,2019-01-23,29,slide-making
0.17,project-9,2019,1,23,2019-01-23,29,geospatial
0.25,project-8,2019,1,23,2019-01-23,29,project-mgt
5.92,bizdev,2019,1,23,2019-01-23,29,project-scoping
0.5,project-4,2019,1,23,2019-01-23,29,project-mgt
1.6,bizdev,2019,1,23,2019-01-23,29,project-scoping
2.7,bizdev,2019,1,23,2019-01-23,29,project-scoping
0.75,project-10,2019,1,23,2019-01-23,29,project-mgt
0.57,project-10,2019,1,23,2019-01-23,29,project-mgt
1.7,bizdev,2019,1,23,2019-01-23,29,project-scoping
0.4,admin,2019,1,23,2019-01-23,29,others
0.42,project-5,2019,1,23,2019-01-23,29,project-mgt
1.5,project-5,2019,1,23,2019-01-23,29,data-exploration
4.17,project-5,2019,1,24,2019-01-24,29,text-analytics
0.5,geospatial-3,2019,1,24,2019-01-24,29,project-mgt
0.5,admin,2019,1,24,2019-01-24,29,others
1.0,project-5,2019,1,24,2019-01-24,29,text-analytics
0.42,geospatial-3,2019,1,24,2019-01-24,29,product-strategy
3.0,project-5,2019,1,24,2019-01-24,29,text-analytics
1.0,bizdev,2019,1,24,2019-01-24,29,client-comms
0.5,admin,2019,1,24,2019-01-24,29,others
1.0,learning,2019,1,24,2019-01-24,29,data-engg
4.4,project-5,2019,1,25,2019-01-25,29,text-analytics
1.0,bizdev,2019,1,25,2019-01-25,29,project-scoping
0.5,project-5,2019,1,25,2019-01-25,29,text-analytics
0.5,project-4,2019,1,25,2019-01-25,29,project-mgt
1.0,project-5,2019,1,25,2019-01-25,29,text-analytics
0.5,project-8,2019,1,25,2019-01-25,29,project-mgt
2.18,geospatial-3,2019,1,25,2019-01-25,29,product-strategy
3.0,project-8,2019,1,25,2019-01-25,29,geospatial
2.5,project-8,2019,1,27,2019-01-27,29,geospatial
1.0,project-5,2019,1,28,2019-01-28,30,text-analytics
1.5,project-5,2019,1,28,2019-01-28,30,text-analytics
1.5,project-5,2019,1,28,2019-01-28,30,text-analytics
1.0,bizdev,2019,1,28,2019-01-28,30,others
1.2,bizdev,2019,1,28,2019-01-28,30,project-scoping
1.0,admin,2019,1,28,2019-01-28,30,others
1.05,project-8,2019,1,28,2019-01-28,30,project-mgt
2.5,project-5,2019,1,28,2019-01-28,30,text-analytics
0.83,geospatial-1,2019,1,29,2019-01-29,30,slide-making
0.33,admin,2019,1,29,2019-01-29,30,data-engg
0.5,geospatial-1,2019,1,29,2019-01-29,30,product-strategy
0.17,bizdev,2019,1,29,2019-01-29,30,others
1.92,project-5,2019,1,29,2019-01-29,30,project-mgt
2.4,project-5,2019,1,29,2019-01-29,30,project-mgt
0.93,geospatial-3,2019,1,29,2019-01-29,30,product-strategy
0.5,project-8,2019,1,29,2019-01-29,30,project-mgt
0.47,project-8,2019,1,30,2019-01-30,30,data-exploration
1.0,admin,2019,1,30,2019-01-30,30,others
1.25,project-8,2019,1,30,2019-01-30,30,data-exploration
4.5,project-8,2019,1,30,2019-01-30,30,data-exploration
1.0,admin,2019,1,31,2019-01-31,30,others
1.42,project-8,2019,1,31,2019-01-31,30,project-mgt
2.38,bizdev,2019,1,31,2019-01-31,30,project-scoping
0.45,project-8,2019,1,31,2019-01-31,30,project-mgt
0.93,project-8,2019,1,31,2019-01-31,30,data-exploration
0.25,bizdev,2019,1,31,2019-01-31,30,client-comms
0.75,geospatial-1,2019,1,31,2019-01-31,30,project-mgt
1.0,geospatial-1,2019,1,31,2019-01-31,30,geospatial
1.5,internal,2019,2,1,2019-02-01,30,data-engg
1.0,admin,2019,2,1,2019-02-01,30,others
1.5,project-9,2019,2,1,2019-02-01,30,geospatial
4.0,project-8,2019,2,1,2019-02-01,30,project-mgt
1.5,project-8,2019,2,3,2019-02-03,30,project-mgt
0.5,bizdev,2019,2,3,2019-02-03,30,scraping
1.28,bizdev,2019,2,4,2019-02-04,31,project-scoping
1.0,project-8,2019,2,4,2019-02-04,31,project-mgt
0.93,admin,2019,2,4,2019-02-04,31,others
0.5,bizdev,2019,2,4,2019-02-04,31,project-scoping
2.03,project-8,2019,2,4,2019-02-04,31,project-mgt
0.78,admin,2019,2,4,2019-02-04,31,others
1.15,bizdev,2019,2,4,2019-02-04,31,geospatial
0.78,project-9,2019,2,4,2019-02-04,31,geospatial
6.0,bizdev,2019,2,6,2019-02-06,31,geospatial
0.5,internal,2019,2,6,2019-02-06,31,slide-making
0.5,learning,2019,2,6,2019-02-06,31,open-source
1.0,bizdev,2019,2,6,2019-02-06,31,project-scoping
2.0,bizdev,2019,2,6,2019-02-06,31,client-comms
1.5,bizdev,2019,2,7,2019-02-07,31,project-scoping
0.5,admin,2019,2,7,2019-02-07,31,others
1.0,project-8,2019,2,7,2019-02-07,31,project-mgt
7.0,bizdev,2019,2,7,2019-02-07,31,geospatial
7.0,bizdev,2019,2,8,2019-02-08,31,project-scoping
1.0,project-8,2019,2,8,2019-02-08,31,geospatial
0.5,project-4,2019,2,8,2019-02-08,31,project-mgt
0.25,bizdev,2019,2,11,2019-02-11,32,project-scoping
8.0,project-8,2019,2,11,2019-02-11,32,machine-learning
2.0,bizdev,2019,2,11,2019-02-11,32,geospatial
0.75,admin,2019,2,11,2019-02-11,32,others
0.2,admin,2019,2,12,2019-02-12,32,others
1.5,bizdev,2019,2,12,2019-02-12,32,project-scoping
0.75,admin,2019,2,12,2019-02-12,32,others
1.0,project-10,2019,2,12,2019-02-12,32,project-mgt
4.0,project-8,2019,2,12,2019-02-12,32,machine-learning
1.0,bizdev,2019,2,12,2019-02-12,32,project-scoping
1.55,project-8,2019,2,12,2019-02-12,32,project-mgt
8.0,project-8,2019,2,13,2019-02-13,32,project-mgt
2.0,project-9,2019,2,13,2019-02-13,32,geospatial
1.5,bizdev,2019,2,14,2019-02-14,32,product-strategy
0.75,admin,2019,2,14,2019-02-14,32,others
4.0,bizdev,2019,2,14,2019-02-14,32,others
2.0,project-5,2019,2,14,2019-02-14,32,project-mgt
1.0,bizdev,2019,2,14,2019-02-14,32,slide-making
1.0,project-5,2019,2,15,2019-02-15,32,project-mgt
1.33,bizdev,2019,2,15,2019-02-15,32,geospatial
1.95,learning,2019,2,15,2019-02-15,32,open-source
4.32,learning,2019,2,15,2019-02-15,32,data-viz
1.33,project-5,2019,2,15,2019-02-15,32,project-mgt
0.33,project-5,2019,2,16,2019-02-20,33,project-mgt
0.33,project-8,2019,2,16,2019-02-20,33,project-mgt
0.33,project-10,2019,2,16,2019-02-20,33,geospatial
2.0,internal,2019,2,16,2019-02-20,33,slide-making
1.0,project-4,2019,2,16,2019-02-20,33,project-mgt
1.0,admin,2019,2,16,2019-02-20,33,others
8.0,bizdev,2019,2,16,2019-02-18,33,project-mgt
8.0,bizdev,2019,2,16,2019-02-19,33,others
1.0,project-5,2019,2,16,2019-02-17,32,project-mgt
8.0,bizdev,2019,2,16,2019-02-17,32,project-mgt
8.0,bizdev,2019,2,16,2019-02-16,32,others
1.0,admin,2019,2,16,2019-02-20,33,others
0.25,bizdev,2019,2,21,2019-02-21,33,project-scoping
1.0,project-5,2019,2,21,2019-02-21,33,text-analytics
4.0,project-10,2019,2,21,2019-02-21,33,project-mgt
1.0,project-9,2019,2,21,2019-02-21,33,geospatial
0.75,admin,2019,2,21,2019-02-21,33,others
2.0,bizdev,2019,2,25,2019-02-25,34,geospatial
2.72,bizdev,2019,2,26,2019-02-26,34,geospatial
1.3,learning,2019,2,26,2019-02-26,34,machine-learning
0.3,admin,2019,2,26,2019-02-26,34,others
3.52,bizdev,2019,2,26,2019-02-26,34,geospatial
3.2,bizdev,2019,2,26,2019-02-26,34,geospatial
0.4,project-10,2019,2,26,2019-02-26,34,project-mgt
1.9,project-5,2019,2,26,2019-02-26,34,text-analytics
0.4,bizdev,2019,2,27,2019-02-27,34,client-comms
5.83,bizdev,2019,2,27,2019-02-27,34,geospatial
0.87,admin,2019,2,27,2019-02-27,34,others
2.72,project-5,2019,2,27,2019-02-27,34,text-analytics
0.98,learning,2019,2,27,2019-02-27,34,gcp
3.98,project-8,2019,2,27,2019-02-27,34,project-mgt
1.0,geospatial-1,2019,2,28,2019-02-28,34,geospatial
4.0,project-10,2019,2,28,2019-02-28,34,project-mgt
3.0,project-8,2019,2,28,2019-02-28,34,data-engg
0.5,admin,2019,2,28,2019-02-28,34,others
2.0,project-5,2019,2,28,2019-02-28,34,text-analytics
2.0,project-8,2019,3,1,2019-03-01,34,data-engg
1.0,learning,2019,3,1,2019-03-01,34,open-source
1.0,internal,2019,3,1,2019-03-01,34,data-engg
3.0,project-8,2019,3,1,2019-03-01,34,data-engg
1.0,bizdev,2019,3,1,2019-03-01,34,project-scoping
1.0,project-8,2019,3,4,2019-03-04,35,project-mgt
0.5,geospatial-3,2019,3,4,2019-03-04,35,product-strategy
8.0,bizdev,2019,3,4,2019-03-04,35,geospatial
2.0,project-5,2019,3,4,2019-03-04,35,project-mgt
2.0,project-5,2019,3,5,2019-03-05,35,project-mgt
1.5,project-9,2019,3,5,2019-03-05,35,product-strategy
0.5,internal,2019,3,5,2019-03-05,35,scraping
1.25,bizdev,2019,3,5,2019-03-05,35,project-scoping
1.0,transit,2019,3,5,2019-03-05,35,others
1.5,geospatial-3,2019,3,5,2019-03-05,35,product-strategy
0.25,admin,2019,3,5,2019-03-05,35,others
2.0,bizdev,2019,3,6,2019-03-06,35,project-scoping
2.0,bizdev,2019,3,6,2019-03-06,35,geospatial
1.0,admin,2019,3,6,2019-03-06,35,others
1.0,bizdev,2019,3,6,2019-03-06,35,project-scoping
1.0,geospatial-4,2019,3,6,2019-03-06,35,project-mgt
1.0,project-9,2019,3,6,2019-03-06,35,product-strategy
1.0,bizdev,2019,3,7,2019-03-07,35,slide-making
2.0,project-9,2019,3,7,2019-03-07,35,product-strategy
1.0,bizdev,2019,3,7,2019-03-07,35,project-scoping
1.5,admin,2019,3,7,2019-03-07,35,others
1.5,admin,2019,3,7,2019-03-07,35,others
1.5,admin,2019,3,8,2019-03-08,35,others
1.0,learning,2019,3,8,2019-03-08,35,geospatial
1.0,internal,2019,3,8,2019-03-08,35,data-engg
1.0,geospatial-5,2019,3,8,2019-03-08,35,geospatial
2.0,project-10,2019,3,8,2019-03-08,35,data-exploration
1.5,bizdev,2019,3,8,2019-03-08,35,slide-making
0.83,geospatial-3,2019,3,12,2019-03-12,36,product-strategy
1.67,project-5,2019,3,12,2019-03-12,36,project-mgt
0.45,bizdev,2019,3,12,2019-03-12,36,slide-making
0.37,project-8,2019,3,12,2019-03-12,36,machine-learning
1.08,project-8,2019,3,12,2019-03-12,36,machine-learning
1.5,geospatial-3,2019,3,12,2019-03-12,36,product-strategy
0.38,bizdev,2019,3,12,2019-03-12,36,project-scoping
0.28,bizdev,2019,3,12,2019-03-12,36,project-scoping
0.23,internal,2019,3,12,2019-03-12,36,storytelling
0.13,project-5,2019,3,12,2019-03-12,36,project-mgt
0.45,bizdev,2019,3,12,2019-03-12,36,project-scoping
0.22,bizdev,2019,3,12,2019-03-12,36,product-strategy
0.38,bizdev,2019,3,12,2019-03-12,36,project-scoping
0.83,bizdev,2019,3,12,2019-03-12,36,project-scoping
1.17,bizdev,2019,3,12,2019-03-12,36,project-scoping
0.25,bizdev,2019,3,12,2019-03-12,36,slide-making
9.0,project-8,2019,3,13,2019-03-13,36,machine-learning
2.0,bizdev,2019,3,13,2019-03-13,36,project-scoping
1.0,geospatial-6,2019,3,14,2019-03-14,36,geospatial
1.0,geospatial-1,2019,3,14,2019-03-14,36,geospatial
1.5,geospatial-7,2019,3,14,2019-03-14,36,project-scoping
4.0,project-8,2019,3,14,2019-03-14,36,project-mgt
5.0,project-10,2019,3,15,2019-03-15,36,data-exploration
0.5,admin,2019,3,15,2019-03-15,36,others
0.5,bizdev,2019,3,15,2019-03-15,36,project-scoping
1.0,admin,2019,3,15,2019-03-15,36,others
2.57,geospatial-1,2019,3,18,2019-03-18,37,product-strategy
1.18,geospatial-1,2019,3,18,2019-03-18,37,product-strategy
0.12,project-10,2019,3,18,2019-03-18,37,project-mgt
0.7,project-8,2019,3,18,2019-03-18,37,computer-vision
0.77,bizdev,2019,3,18,2019-03-18,37,project-scoping
0.5,learning,2019,3,18,2019-03-18,37,data-engg
0.3,admin,2019,3,18,2019-03-18,37,others
0.33,project-10,2019,3,18,2019-03-18,37,geospatial
1.45,bizdev,2019,3,18,2019-03-18,37,project-scoping
1.55,project-8,2019,3,18,2019-03-18,37,project-mgt
0.73,geospatial-7,2019,3,18,2019-03-18,37,project-scoping
0.87,admin,2019,3,18,2019-03-18,37,others
1.45,project-8,2019,3,19,2019-03-19,37,computer-vision
4.62,project-8,2019,3,19,2019-03-19,37,computer-vision
3.35,geospatial-6,2019,3,19,2019-03-19,37,geospatial
2.33,geospatial-6,2019,3,19,2019-03-19,37,geospatial
1.37,geospatial-1,2019,3,19,2019-03-19,37,product-strategy
0.5,geospatial-1,2019,3,19,2019-03-19,37,product-strategy
4.65,project-8,2019,3,20,2019-03-20,37,computer-vision
2.07,bizdev,2019,3,20,2019-03-20,37,project-scoping
2.43,geospatial-3,2019,3,20,2019-03-20,37,product-strategy
2.1,project-8,2019,3,20,2019-03-20,37,computer-vision
0.63,geospatial-6,2019,3,21,2019-03-21,37,geospatial
0.8,bizdev,2019,3,21,2019-03-21,37,project-scoping
0.5,admin,2019,3,21,2019-03-21,37,others
1.92,geospatial-6,2019,3,21,2019-03-21,37,geospatial
0.45,project-8,2019,3,21,2019-03-21,37,computer-vision
0.48,bizdev,2019,3,21,2019-03-21,37,others
0.62,bizdev,2019,3,21,2019-03-21,37,geospatial
0.23,project-5,2019,3,21,2019-03-21,37,project-mgt
0.72,project-10,2019,3,21,2019-03-21,37,project-mgt
0.57,bizdev,2019,3,21,2019-03-21,37,geospatial
2.02,geospatial-1,2019,3,21,2019-03-21,37,project-mgt
2.67,project-8,2019,3,21,2019-03-21,37,computer-vision
0.3,project-10,2019,3,21,2019-03-21,37,data-exploration
0.48,geospatial-1,2019,3,22,2019-03-22,37,product-strategy
2.35,geospatial-6,2019,3,22,2019-03-22,37,geospatial
1.72,project-10,2019,3,22,2019-03-22,37,data-exploration
1.0,admin,2019,3,22,2019-03-22,37,others
0.25,project-10,2019,3,22,2019-03-22,37,project-mgt
0.7,internal,2019,3,22,2019-03-22,37,open-source
5.25,geospatial-1,2019,3,25,2019-03-25,38,product-strategy
0.7,learning,2019,3,25,2019-03-25,38,machine-learning
0.28,admin,2019,3,25,2019-03-25,38,others
0.22,admin,2019,3,25,2019-03-25,38,others
1.63,project-10,2019,3,25,2019-03-25,38,others
0.02,bizdev,2019,3,25,2019-03-25,38,project-scoping
0.35,project-8,2019,3,25,2019-03-25,38,project-mgt
1.13,geospatial-1,2019,3,25,2019-03-25,38,product-strategy
0.63,bizdev,2019,3,26,2019-03-26,38,geospatial
0.7,geospatial-1,2019,3,26,2019-03-26,38,product-strategy
0.2,project-8,2019,3,26,2019-03-26,38,computer-vision
1.0,project-8,2019,3,26,2019-03-26,38,computer-vision
1.12,bizdev,2019,3,26,2019-03-26,38,project-scoping
4.87,geospatial-1,2019,3,26,2019-03-26,38,product-strategy
0.9,project-5,2019,3,26,2019-03-26,38,project-mgt
1.1,bizdev,2019,3,27,2019-03-27,38,project-scoping
0.77,bizdev,2019,3,27,2019-03-27,38,project-scoping
0.32,bizdev,2019,3,27,2019-03-27,38,slide-making
0.22,geospatial-1,2019,3,27,2019-03-27,38,product-strategy
0.1,geospatial-3,2019,3,27,2019-03-27,38,product-strategy
0.83,geospatial-7,2019,3,27,2019-03-27,38,project-scoping
1.62,geospatial-1,2019,3,27,2019-03-27,38,product-strategy
1.37,admin,2019,3,27,2019-03-27,38,others
1.37,geospatial-1,2019,3,27,2019-03-27,38,product-strategy
0.85,geospatial-1,2019,3,27,2019-03-27,38,product-strategy
2.17,geospatial-1,2019,3,27,2019-03-27,38,product-strategy
1.0,bizdev,2019,3,28,2019-03-28,38,product-strategy
1.0,project-10,2019,3,28,2019-03-28,38,data-viz
1.5,bizdev,2019,3,28,2019-03-28,38,project-scoping
2.0,bizdev,2019,3,28,2019-03-28,38,project-scoping
3.0,project-8,2019,3,28,2019-03-28,38,computer-vision
3.68,project-10,2019,3,29,2019-03-29,38,data-viz
2.78,project-8,2019,3,29,2019-03-29,38,computer-vision
0.82,bizdev,2019,3,29,2019-03-29,38,project-scoping
0.4,bizdev,2019,3,29,2019-03-29,38,project-scoping
0.82,project-10,2019,3,29,2019-03-29,38,data-exploration
3.73,project-10,2019,4,1,2019-04-01,39,data-exploration
2.08,project-8,2019,4,1,2019-04-01,39,computer-vision
0.33,admin,2019,4,1,2019-04-01,39,others
0.77,bizdev,2019,4,1,2019-04-01,39,geospatial
1.0,admin,2019,4,1,2019-04-01,39,others
0.38,interna;,2019,4,1,2019-04-01,39,others
1.4,project-10,2019,4,1,2019-04-01,39,data-exploration
3.72,project-8,2019,4,2,2019-04-02,39,project-mgt
0.2,project-8,2019,4,2,2019-04-02,39,project-mgt
1.3,geospatial-7,2019,4,2,2019-04-02,39,geospatial
0.88,bizdev,2019,4,2,2019-04-02,39,project-scoping
4.62,project-10,2019,4,2,2019-04-02,39,data-exploration
0.07,project-10,2019,4,2,2019-04-02,39,data-exploration
0.25,project-8,2019,4,2,2019-04-02,39,computer-vision
3.07,bizdev,2019,4,3,2019-04-03,39,project-scoping
0.43,geospatial-1,2019,4,3,2019-04-03,39,product-strategy
0.05,bizdev,2019,4,3,2019-04-03,39,project-scoping
0.6,project-10,2019,4,3,2019-04-03,39,project-mgt
0.7,bizdev,2019,4,3,2019-04-03,39,project-scoping
4.25,project-10,2019,4,3,2019-04-03,39,project-mgt
1.17,project-10,2019,4,3,2019-04-03,39,project-mgt
0.9,bizdev,2019,4,3,2019-04-03,39,project-scoping
4.0,project-8,2019,4,4,2019-04-04,39,computer-vision
1.25,bizdev,2019,4,4,2019-04-04,39,geospatial
5.28,bizdev,2019,4,4,2019-04-04,39,geospatial
1.55,project-8,2019,4,5,2019-04-05,39,computer-vision
5.13,project-8,2019,4,5,2019-04-05,39,computer-vision
1.28,project-8,2019,4,5,2019-04-05,39,project-mgt
0.38,bizdev,2019,4,5,2019-04-05,39,project-scoping
1.5,project-8,2019,4,6,2019-04-06,39,computer-vision
5.0,project-8,2019,4,8,2019-04-08,40,computer-vision
1.0,geospatial-1,2019,4,8,2019-04-08,40,project-mgt
4.0,bizdev,2019,4,8,2019-04-08,40,slide-making
3.35,project-8,2019,4,10,2019-04-10,40,project-mgt
8.43,project-8,2019,4,10,2019-04-10,40,data-exploration
0.25,bizdev,2019,4,11,2019-04-11,40,project-scoping
1.37,project-8,2019,4,11,2019-04-11,40,computer-vision
1.0,geospatial-7,2019,4,11,2019-04-11,40,project-scoping
2.27,project-8,2019,4,11,2019-04-11,40,computer-vision
6.65,project-8,2019,4,11,2019-04-11,40,computer-vision
2.42,admin,2019,4,11,2019-04-11,40,others
1.08,admin,2019,4,11,2019-04-11,40,others
7.0,project-8,2019,4,12,2019-04-12,40,computer-vision
1.0,admin,2019,4,12,2019-04-12,40,others
0.75,geospatial-7,2019,4,12,2019-04-12,40,project-scoping
8.0,project-8,2019,4,15,2019-04-15,41,computer-vision
3.0,bizdev,2019,4,15,2019-04-15,41,geospatial
0.25,admin,2019,4,15,2019-04-15,41,others
1.5,bizdev,2019,4,16,2019-04-16,41,slide-making
0.92,project-8,2019,4,16,2019-04-16,41,computer-vision
3.12,project-8,2019,4,16,2019-04-16,41,computer-vision
6.75,project-8,2019,4,16,2019-04-16,41,computer-vision
0.82,bizdev,2019,4,16,2019-04-16,41,scraping
0.5,geospatial-7,2019,4,16,2019-04-16,41,project-scoping
2.98,project-8,2019,4,17,2019-04-17,41,project-mgt
1.0,bizdev,2019,4,17,2019-04-17,41,project-scoping
1.0,project-8,2019,4,17,2019-04-17,41,computer-vision
0.5,bizdev,2019,4,17,2019-04-17,41,project-scoping
4.35,project-8,2019,4,17,2019-04-17,41,computer-vision
4.0,project-8,2019,4,18,2019-04-18,41,computer-vision
4.0,project-8,2019,4,21,2019-04-21,41,computer-vision
0.48,project-8,2019,4,22,2019-04-22,42,computer-vision
2.33,geospatial-3,2019,4,22,2019-04-22,42,product-strategy
0.38,admin,2019,4,22,2019-04-22,42,others
1.0,project-8,2019,4,22,2019-04-22,42,computer-vision
0.65,geospatial-3,2019,4,22,2019-04-22,42,product-strategy
4.02,project-8,2019,4,22,2019-04-22,42,computer-vision
1.0,geospatial-1,2019,4,22,2019-04-22,42,product-strategy
1.33,geospatial-3,2019,4,22,2019-04-22,42,product-strategy
0.82,bizdev,2019,4,22,2019-04-22,42,slide-making
1.0,bizdev,2019,4,22,2019-04-22,42,project-scoping
0.35,project-8,2019,4,22,2019-04-22,42,project-mgt
1.0,project-8,2019,4,23,2019-04-23,42,project-mgt
2.37,bizdev,2019,4,23,2019-04-23,42,slide-making
0.72,geospatial-7,2019,4,23,2019-04-23,42,project-scoping
1.78,admin,2019,4,23,2019-04-23,42,others
2.98,project-8,2019,4,23,2019-04-23,42,machine-learning
0.43,project-10,2019,4,24,2019-04-24,42,geospatial
2.5,bizdev,2019,4,24,2019-04-24,42,slide-making
6.0,project-8,2019,4,24,2019-04-24,42,machine-learning
0.23,project-8,2019,4,24,2019-04-24,42,machine-learning
3.5,project-8,2019,4,24,2019-04-24,42,project-mgt
1.5,geospatial-4,2019,4,24,2019-04-24,42,product-strategy
6.57,project-8,2019,4,25,2019-04-25,42,project-mgt
0.5,geospatial-3,2019,4,25,2019-04-25,42,product-strategy
6.7,transit,2019,4,25,2019-04-25,42,others
4.05,bizdev,2019,4,25,2019-04-25,42,slide-making
8.0,transit,2019,4,26,2019-04-26,42,others
7.0,bizdev,2019,4,26,2019-04-26,42,geospatial
1.0,transit,2019,4,26,2019-04-26,42,others
2.0,bizdev,2019,4,26,2019-04-26,42,project-scoping
1.75,project-8,2019,4,29,2019-04-29,43,project-mgt
0.48,admin,2019,4,29,2019-04-29,43,others
2.13,project-10,2019,4,29,2019-04-29,43,geospatial
0.58,project-10,2019,4,29,2019-04-29,43,geospatial
0.43,geospatial-7,2019,4,29,2019-04-29,43,project-scoping
0.62,bizdev,2019,4,29,2019-04-29,43,project-scoping
0.52,project-5,2019,4,29,2019-04-29,43,project-mgt
0.32,project-10,2019,4,29,2019-04-29,43,geospatial
0.7,project-10,2019,4,29,2019-04-29,43,geospatial
2.4,project-10,2019,4,29,2019-04-29,43,geospatial
3.65,project-10,2019,4,30,2019-04-30,43,geospatial
1.5,geospatial-1,2019,4,30,2019-04-30,43,others
1.05,project-10,2019,4,30,2019-04-30,43,geospatial
1.0,geospatial-7,2019,4,30,2019-04-30,43,project-scoping
1.87,project-10,2019,4,30,2019-04-30,43,geospatial
0.25,bizdev,2019,4,30,2019-04-30,43,others
0.37,project-8,2019,4,30,2019-04-30,43,computer-vision
0.4,project-8,2019,5,1,2019-05-01,43,project-mgt
4.73,project-10,2019,5,1,2019-05-01,43,geospatial
0.57,project-8,2019,5,1,2019-05-01,43,project-mgt
3.57,project-8,2019,5,1,2019-05-01,43,data-exploration
1.0,admin,2019,5,2,2019-05-02,43,others
1.37,project-8,2019,5,2,2019-05-02,43,data-exploration
0.62,project-10,2019,5,2,2019-05-02,43,project-mgt
1.42,project-8,2019,5,2,2019-05-02,43,project-mgt
1.6,geospatial-1,2019,5,2,2019-05-02,43,product-strategy
0.58,geospatial-3,2019,5,2,2019-05-02,43,product-strategy
1.9,geospatial-1,2019,5,2,2019-05-02,43,product-strategy
0.23,project-8,2019,5,2,2019-05-02,43,project-mgt
0.75,geospatial-7,2019,5,2,2019-05-02,43,project-scoping
0.2,geospatial-1,2019,5,2,2019-05-02,43,product-strategy
0.83,bizdev,2019,5,2,2019-05-02,43,project-scoping
3.0,project-8,2019,5,3,2019-05-03,43,project-mgt
0.5,project-8,2019,5,5,2019-05-05,43,project-mgt
2.85,geospatial-5,2019,5,5,2019-05-05,43,project-scoping
1.82,project-8,2019,5,5,2019-05-05,43,computer-vision
3.0,project-8,2019,5,5,2019-05-05,43,computer-vision
6.0,project-8,2019,5,5,2019-05-05,43,computer-vision
1.17,project-8,2019,5,6,2019-05-06,44,project-mgt
1.0,project-10,2019,5,6,2019-05-06,44,project-mgt
2.0,bizdev,2019,5,6,2019-05-06,44,project-scoping
3.48,project-8,2019,5,6,2019-05-06,44,data-exploration
1.35,bizdev,2019,5,6,2019-05-06,44,others
2.0,admin,2019,5,6,2019-05-06,44,others
2.13,project-8,2019,5,7,2019-05-07,44,project-mgt
1.0,bizdev,2019,5,7,2019-05-07,44,project-scoping
0.27,project-10,2019,5,7,2019-05-07,44,project-mgt
5.5,project-8,2019,5,7,2019-05-07,44,project-mgt
1.4,project-10,2019,5,7,2019-05-07,44,geospatial
1.67,project-10,2019,5,8,2019-05-08,44,geospatial
0.53,project-10,2019,5,8,2019-05-08,44,geospatial
0.28,project-10,2019,5,8,2019-05-08,44,geospatial
0.72,internal,2019,5,8,2019-05-08,44,data-engg
0.8,bizdev,2019,5,8,2019-05-08,44,project-scoping
0.3,project-8,2019,5,8,2019-05-08,44,computer-vision
1.53,project-8,2019,5,8,2019-05-08,44,computer-vision
2.53,project-10,2019,5,8,2019-05-08,44,geospatial
1.35,project-10,2019,5,8,2019-05-08,44,geospatial
1.77,geospatial-5,2019,5,9,2019-05-09,44,product-strategy
1.48,project-10,2019,5,9,2019-05-09,44,project-mgt
0.55,project-8,2019,5,9,2019-05-09,44,project-mgt
1.45,admin,2019,5,9,2019-05-09,44,others
1.13,admin,2019,5,9,2019-05-09,44,others
1.9,project-8,2019,5,9,2019-05-09,44,project-mgt
0.23,geospatial-5,2019,5,9,2019-05-09,44,project-scoping
0.5,geospatial-7,2019,5,9,2019-05-09,44,project-scoping
0.25,bizdev,2019,5,9,2019-05-09,44,project-scoping
0.25,project-10,2019,5,9,2019-05-09,44,project-mgt
0.67,bizdev,2019,5,10,2019-05-10,44,geospatial
1.65,internal,2019,5,10,2019-05-10,44,open-source
2.93,project-8,2019,5,10,2019-05-10,44,computer-vision
0.55,admin,2019,5,10,2019-05-10,44,others
0.85,project-8,2019,5,10,2019-05-10,44,data-exploration
1.15,geospatial-5,2019,5,10,2019-05-10,44,slide-making
5.03,project-8,2019,5,14,2019-05-14,45,project-mgt
0.4,geospatial-3,2019,5,14,2019-05-14,45,product-strategy
1.0,admin,2019,5,14,2019-05-14,45,others
0.98,project-8,2019,5,14,2019-05-14,45,project-mgt
0.03,project-8,2019,5,14,2019-05-14,45,project-mgt
2.18,bizdev,2019,5,14,2019-05-14,45,others
1.12,project-8,2019,5,14,2019-05-14,45,project-mgt
2.0,project-8,2019,5,14,2019-05-14,45,project-mgt
0.02,geospatial-5,2019,5,15,2019-05-15,45,others
0.47,bizdev,2019,5,15,2019-05-15,45,project-scoping
0.15,geospatial-5,2019,5,15,2019-05-15,45,others
0.1,geospatial-5,2019,5,15,2019-05-15,45,others
1.75,geospatial-5,2019,5,15,2019-05-15,45,others
0.5,internal,2019,5,15,2019-05-15,45,project-scoping
2.73,geospatial-1,2019,5,15,2019-05-15,45,scraping
0.95,internal,2019,5,15,2019-05-15,45,project-scoping
3.78,geospatial-1,2019,5,15,2019-05-15,45,data-engg
1.0,internal,2019,5,15,2019-05-15,45,computer-vision
3.83,project-8,2019,5,16,2019-05-16,45,computer-vision
0.5,admin,2019,5,16,2019-05-16,45,others
5.42,project-8,2019,5,16,2019-05-16,45,project-mgt
12.0,project-8,2019,5,17,2019-05-17,45,computer-vision
2.0,project-8,2019,5,19,2019-05-19,45,computer-vision
4.25,project-8,2019,5,20,2019-05-20,46,project-mgt
3.0,geospatial-7,2019,5,20,2019-05-20,46,project-scoping
1.87,project-8,2019,5,20,2019-05-20,46,project-mgt
2.13,project-8,2019,5,20,2019-05-20,46,project-mgt
1.0,geospatial-1,2019,5,22,2019-05-22,46,project-mgt
12.0,project-8,2019,5,22,2019-05-22,46,computer-vision
1.0,project-10,2019,5,22,2019-05-22,46,data-exploration
2.0,geospatial-5,2019,5,22,2019-05-22,46,product-strategy
2.0,admin,2019,5,23,2019-05-23,46,others
6.0,project-8,2019,5,23,2019-05-23,46,project-mgt
3.0,bizdev,2019,5,24,2019-05-24,46,others
3.0,project-8,2019,5,24,2019-05-24,46,scraping
1.0,learning,2019,5,24,2019-05-24,46,data-viz
1.0,project-10,2019,5,24,2019-05-24,46,project-mgt
2.0,geospatial-4,2019,5,25,2019-05-25,46,scraping
4.0,project-8,2019,5,27,2019-05-27,47,project-mgt
3.0,project-10,2019,5,27,2019-05-27,47,geospatial
0.5,admin,2019,5,27,2019-05-27,47,others
1.5,admin,2019,5,27,2019-05-27,47,others
5.0,project-8,2019,5,28,2019-05-28,47,project-mgt
4.0,project-8,2019,5,28,2019-05-28,47,project-mgt
4.0,project-10,2019,5,28,2019-05-28,47,project-mgt
0.63,project-10,2019,5,29,2019-05-29,47,project-mgt
10.63,project-8,2019,5,29,2019-05-29,47,geospatial
0.78,geospatial-3,2019,5,29,2019-05-29,47,geospatial
0.23,project-8,2019,5,29,2019-05-29,47,geospatial
15.62,project-8,2019,5,30,2019-05-30,47,geospatial
1.0,admin,2019,5,30,2019-05-30,47,others
0.98,bizdev,2019,5,31,2019-05-31,47,project-scoping
0.5,bizdev,2019,5,31,2019-05-31,47,project-scoping
1.75,internal,2019,5,31,2019-05-31,47,open-source
1.5,project-7,2019,5,31,2019-05-31,47,project-scoping
1.0,project-8,2019,5,31,2019-05-31,47,project-mgt
0.68,geospatial-8,2019,6,3,2019-06-03,48,project-scoping
1.13,admin,2019,6,3,2019-06-03,48,others
2.28,bizdev,2019,6,3,2019-06-03,48,project-scoping
0.83,geospatial-1,2019,6,3,2019-06-03,48,project-mgt
0.57,project-8,2019,6,3,2019-06-03,48,project-mgt
0.5,admin,2019,6,3,2019-06-03,48,others
0.1,project-10,2019,6,3,2019-06-03,48,project-mgt
7.12,project-8,2019,6,3,2019-06-03,48,geospatial
0.4,bizdev,2019,6,3,2019-06-03,48,project-scoping
0.5,project-7,2019,6,4,2019-06-04,48,project-scoping
0.25,project-8,2019,6,4,2019-06-04,48,data-exploration
2.0,bizdev,2019,6,4,2019-06-04,48,project-scoping
2.05,project-8,2019,6,4,2019-06-04,48,data-exploration
0.87,project-10,2019,6,4,2019-06-04,48,project-mgt
0.18,admin,2019,6,4,2019-06-04,48,others
0.5,bizdev,2019,6,4,2019-06-04,48,project-scoping
0.95,internal,2019,6,4,2019-06-04,48,storytelling
0.38,geospatial-7,2019,6,4,2019-06-04,48,project-scoping
0.58,project-8,2019,6,4,2019-06-04,48,geospatial
4.0,project-8,2019,6,5,2019-06-05,48,geospatial
2.6,geospatial-1,2019,6,6,2019-06-06,48,product-strategy
0.57,geospatial-1,2019,6,6,2019-06-06,48,product-strategy
0.5,geospatial-1,2019,6,6,2019-06-06,48,product-strategy
1.0,project-8,2019,6,6,2019-06-06,48,data-engg
0.5,bizdev,2019,6,6,2019-06-06,48,project-scoping
1.68,bizdev,2019,6,6,2019-06-06,48,project-scoping
2.13,project-8,2019,6,6,2019-06-06,48,project-mgt
1.3,bizdev,2019,6,6,2019-06-06,48,project-scoping
2.07,project-8,2019,6,6,2019-06-06,48,project-mgt
1.5,admin,2019,6,6,2019-06-06,48,others
2.0,bizdev,2019,6,7,2019-06-07,48,project-scoping
0.5,admin,2019,6,7,2019-06-07,48,others
4.0,project-8,2019,6,7,2019-06-07,48,geospatial
1.42,geospatial-1,2019,6,7,2019-06-07,48,product-strategy
1.37,project-7,2019,6,7,2019-06-07,48,project-scoping
1.0,bizdev,2019,6,7,2019-06-07,48,project-scoping
4.0,geospatial-1,2019,6,9,2019-06-09,48,web-dev
0.78,geospatial-1,2019,6,10,2019-06-10,49,geospatial
0.68,bizdev,2019,6,10,2019-06-10,49,project-scoping
0.97,admin,2019,6,10,2019-06-10,49,others
0.5,bizdev,2019,6,10,2019-06-10,49,product-strategy
0.5,geospatial-1,2019,6,10,2019-06-10,49,product-strategy
0.5,bizdev,2019,6,10,2019-06-10,49,project-scoping
0.5,admin,2019,6,10,2019-06-10,49,others
0.57,admin,2019,6,10,2019-06-10,49,others
1.77,project-8,2019,6,10,2019-06-10,49,project-mgt
3.62,project-8,2019,6,10,2019-06-10,49,geospatial
1.68,bizdev,2019,6,10,2019-06-10,49,project-scoping
0.3,project-8,2019,6,10,2019-06-10,49,geospatial
0.82,project-8,2019,6,10,2019-06-10,49,geospatial
8.0,project-8,2019,6,11,2019-06-11,49,data-engg
6.5,project-8,2019,6,11,2019-06-11,49,data-engg
3.5,bizdev,2019,6,11,2019-06-11,49,client-comms
1.0,project-8,2019,6,13,2019-06-13,49,project-mgt
0.5,project-10,2019,6,13,2019-06-13,49,project-mgt
1.0,admin,2019,6,13,2019-06-13,49,others
5.0,project-8,2019,6,13,2019-06-13,49,project-mgt
2.0,project-8,2019,6,13,2019-06-13,49,product-strategy
6.0,project-8,2019,6,14,2019-06-14,49,geospatial
4.0,project-8,2019,6,17,2019-06-17,50,geospatial
1.0,project-10,2019,6,17,2019-06-17,50,geospatial
1.0,learning,2019,6,17,2019-06-17,50,computer-vision
1.5,project-8,2019,6,18,2019-06-18,50,project-mgt
2.0,learning,2019,6,18,2019-06-18,50,computer-vision
1.0,admin,2019,6,18,2019-06-18,50,others
0.5,geospatial-4,2019,6,18,2019-06-18,50,others
3.0,project-8,2019,6,18,2019-06-18,50,geospatial
2.0,project-8,2019,6,19,2019-06-19,50,project-mgt
0.5,project-7,2019,6,19,2019-06-19,50,project-scoping
3.0,project-8,2019,6,19,2019-06-19,50,project-mgt
3.0,project-10,2019,6,19,2019-06-19,50,geospatial
2.0,project-10,2019,6,19,2019-06-19,50,geospatial
0.5,geospatial-1,2019,6,20,2019-06-20,50,project-mgt
1.0,admin,2019,6,20,2019-06-20,50,others
6.0,project-8,2019,6,20,2019-06-20,50,project-mgt
3.0,project-10,2019,6,20,2019-06-20,50,geospatial
4.0,project-8,2019,6,21,2019-06-21,50,project-mgt
4.0,project-10,2019,6,21,2019-06-21,50,geospatial
3.0,geospatial-1,2019,6,21,2019-06-21,50,web-dev
0.5,internal,2019,6,21,2019-06-21,50,storytelling
0.5,learning,2019,6,21,2019-06-21,50,data-viz
2.0,project-10,2019,6,22,2019-06-22,50,geospatial
3.0,project-8,2019,6,24,2019-06-24,51,project-mgt
2.0,geospatial-1,2019,6,24,2019-06-24,51,web-dev
1.0,project-8,2019,6,24,2019-06-24,51,geospatial
2.0,project-10,2019,6,24,2019-06-24,51,geospatial
1.0,admin,2019,6,24,2019-06-24,51,others
1.0,admin,2019,6,24,2019-06-24,51,others
2.0,geospatial-1,2019,6,25,2019-06-25,51,web-dev
4.0,project-8,2019,6,25,2019-06-25,51,geospatial
2.0,project-10,2019,6,25,2019-06-25,51,geospatial
0.5,admin,2019,6,25,2019-06-25,51,others
1.0,bizdev,2019,6,26,2019-06-26,51,big-query
1.5,geospatial-1,2019,6,26,2019-06-26,51,geospatial
0.25,internal,2019,6,26,2019-06-26,51,storytelling
2.0,project-8,2019,6,26,2019-06-26,51,project-mgt
0.5,bizdev,2019,6,26,2019-06-26,51,others
4.0,geospatial-1,2019,6,26,2019-06-26,51,web-dev
4.0,project-10,2019,6,27,2019-06-27,51,geospatial
2.0,project-8,2019,6,27,2019-06-27,51,geospatial
0.5,admin,2019,6,27,2019-06-27,51,others
1.0,project-10,2019,6,27,2019-06-27,51,project-mgt
1.0,geospatial-7,2019,6,28,2019-06-28,51,others
1.0,learning,2019,6,28,2019-06-28,51,data-viz
2.0,project-8,2019,6,28,2019-06-28,51,project-mgt
4.0,project-10,2019,6,28,2019-06-28,51,geospatial
0.5,internal,2019,6,28,2019-06-28,51,storytelling
0.95,admin,2019,7,1,2019-07-01,52,others
0.5,admin,2019,7,1,2019-07-01,52,others
0.5,project-10,2019,7,1,2019-07-01,52,project-mgt
0.68,geospatial-1,2019,7,1,2019-07-01,52,product-strategy
0.9,admin,2019,7,1,2019-07-01,52,others
0.78,project-10,2019,7,1,2019-07-01,52,project-mgt
0.22,project-8,2019,7,1,2019-07-01,52,geospatial
1.88,geospatial-5,2019,7,1,2019-07-01,52,product-strategy
1.17,project-8,2019,7,1,2019-07-01,52,project-mgt
1.15,project-10,2019,7,1,2019-07-01,52,geospatial
0.47,admin,2019,7,1,2019-07-01,52,others
4.88,project-10,2019,7,2,2019-07-02,52,project-mgt
0.25,internal,2019,7,2,2019-07-02,52,storytelling
0.53,project-8,2019,7,2,2019-07-02,52,project-mgt
1.02,internal,2019,7,2,2019-07-02,52,storytelling
1.2,project-10,2019,7,2,2019-07-02,52,project-mgt
0.5,project-8,2019,7,2,2019-07-02,52,project-mgt
1.13,geospatial-8,2019,7,2,2019-07-02,52,project-scoping
3.0,project-8,2019,7,2,2019-07-02,52,project-mgt
3.13,project-8,2019,7,3,2019-07-03,52,project-mgt
1.33,geospatial-5,2019,7,3,2019-07-03,52,product-strategy
1.03,geospatial-5,2019,7,3,2019-07-03,52,product-strategy
0.5,project-10,2019,7,3,2019-07-03,52,geospatial
0.62,project-10,2019,7,3,2019-07-03,52,geospatial
1.5,geospatial-1,2019,7,3,2019-07-03,52,product-strategy
0.63,internal,2019,7,3,2019-07-03,52,storytelling
1.57,project-8,2019,7,4,2019-07-04,52,project-mgt
2.5,bizdev,2019,7,4,2019-07-04,52,project-scoping
0.47,project-8,2019,7,4,2019-07-04,52,project-mgt
1.87,geospatial-5,2019,7,4,2019-07-04,52,product-strategy
2.78,geospatial-5,2019,7,4,2019-07-04,52,product-strategy
1.0,admin,2019,7,5,2019-07-05,52,others
0.52,admin,2019,7,5,2019-07-05,52,others
0.98,geospatial-5,2019,7,5,2019-07-05,52,product-strategy
0.72,admin,2019,7,5,2019-07-05,52,others
1.98,project-10,2019,7,5,2019-07-05,52,project-mgt
0.85,internal,2019,7,5,2019-07-05,52,open-source
2.6,admin,2019,7,5,2019-07-05,52,others
